subject_id,session_type,proportion,MSE,true_score,instantaneous_density,proportional_density,max_normed_density,z,pval_2t,metric,simulated_change,percentile,absolute_z
avatarRT_sub_05,IM,BC,0.002956874,-0.003797226,0.000161596,-0.004882108,5.78E-06,-3.872307245,0.00010781,variance,subselection,0.99999998,3.872307245
avatarRT_sub_05,IM,BC,0.000519532,-0.003797226,14.25663406,0.556327234,0.558196235,-1.087924785,0.276628313,variance,realignment,0.73399998,1.087924785
avatarRT_sub_05,WMP,BC,0.004613155,0.012133764,8.18E-05,-0.004067678,3.11E-06,-4.370112865,1.24E-05,variance,subselection,0.99999998,4.370112865
avatarRT_sub_05,WMP,BC,0.000424783,0.012133764,21.0890219,0.996903985,0.996958886,-0.547723353,0.583881875,variance,realignment,0.35199998,0.547723353
avatarRT_sub_06,IM,BC,0.000817041,0.066698926,10.05481828,0.456471095,0.459959903,1.205358108,0.228065086,variance,subselection,0.75200002,1.205358108
avatarRT_sub_06,IM,BC,0.010337952,0.066698926,2.53E-23,-0.009086239,1.07E-24,5.952743462,2.64E-09,variance,realignment,1.00000002,5.952743462
avatarRT_sub_06,WMP,BC,0.01160969,-0.085016667,2.41E-187,-0.015278537,6.46E-189,-10.24578222,1.24E-24,variance,subselection,0.99999998,10.24578222
avatarRT_sub_06,WMP,BC,0.008206158,-0.085016667,2.96E-100,-0.008354143,8.91E-102,-8.098310698,5.57E-16,variance,realignment,0.99999998,8.098310698
avatarRT_sub_07,IM,BC,0.013857536,-0.021655315,6.80E-33,-0.005048524,3.17E-34,-6.312754338,2.74E-10,variance,subselection,0.99999998,6.312754338
avatarRT_sub_07,IM,BC,0.00069871,-0.021655315,12.31134008,0.510644664,0.514985633,-1.22140927,0.221931099,variance,realignment,0.78199998,1.22140927
avatarRT_sub_07,WMP,BC,0.006262352,-0.035884064,0.000926891,-0.009367322,4.74E-05,-3.605303612,0.000311788,variance,subselection,0.99999998,3.605303612
avatarRT_sub_07,WMP,BC,0.009818987,-0.035884064,0.003917406,-0.004894329,0.000244024,3.986847446,6.70E-05,variance,realignment,1.00000002,3.986847446
avatarRT_sub_08,IM,BC,0.023329449,-0.042763355,1.12E-21,-0.004182272,5.91E-23,-7.53380783,4.93E-14,variance,subselection,0.99999998,7.53380783
avatarRT_sub_08,IM,BC,0.000643464,-0.042763355,14.89103595,0.826865461,0.82936339,-0.654970953,0.512486456,variance,realignment,0.46199998,0.654970953
avatarRT_sub_08,WMP,BC,0.000907299,-0.013668953,4.323176541,0.143209218,0.146615156,-1.964567947,0.049464265,variance,subselection,0.95399998,1.964567947
avatarRT_sub_08,WMP,BC,0.000362549,-0.013668953,20.65356857,0.988910491,0.98901727,-0.180893982,0.856450792,variance,realignment,0.11999998,0.180893982
avatarRT_sub_10,IM,BC,0.012985084,-0.02879339,6.03E-23,-0.005261604,2.86E-24,-5.909460346,3.43E-09,variance,subselection,0.99999998,5.909460346
avatarRT_sub_10,IM,BC,0.001128997,-0.02879339,2.174685138,0.064648432,0.071820555,-2.291324038,0.021944679,variance,realignment,0.98799998,2.291324038
avatarRT_sub_10,WMP,BC,0.000575652,0.003498163,13.9968289,0.592199831,0.596760356,-0.974550391,0.329783332,variance,subselection,0.68199998,0.974550391
avatarRT_sub_10,WMP,BC,0.017189659,0.003498163,4.28E-12,-0.004028123,2.29E-13,6.103223165,1.04E-09,variance,realignment,1.00000002,6.103223165
avatarRT_sub_11,IM,BC,0.000317128,0.05949057,18.84242491,0.554972176,0.556952973,1.179725234,0.238109514,variance,subselection,0.75600002,1.179725234
avatarRT_sub_11,IM,BC,0.003062626,0.05949057,0.560377734,0.004216798,0.024350129,3.051709756,0.00227542,variance,realignment,0.99800002,3.051709756
avatarRT_sub_11,WMP,BC,0.00016828,0.003268552,30.35976086,0.911693221,0.913208634,-0.569168691,0.569241666,variance,subselection,0.39999998,0.569168691
avatarRT_sub_11,WMP,BC,0.000471224,0.003268552,17.20507002,0.955794862,0.956242004,0.068013968,0.945774516,variance,realignment,0.08600002,0.068013968
avatarRT_sub_13,IM,BC,0.016549251,-0.020173255,1.32E-22,-0.004888285,6.95E-24,-5.873385257,4.27E-09,variance,subselection,0.99999998,5.873385257
avatarRT_sub_13,IM,BC,0.000714583,-0.020173255,13.09379268,0.678571071,0.680946365,-0.818186471,0.413250719,variance,realignment,0.59799998,0.818186471
avatarRT_sub_13,WMP,BC,0.013443877,0.124105945,0,-0.011199322,0,14.44686691,2.62E-47,variance,subselection,1.00000002,14.44686691
avatarRT_sub_13,WMP,BC,0.002270405,0.124105945,3.057998873,0.163539436,0.174794184,1.988548865,0.04675102,variance,realignment,0.93000002,1.988548865
avatarRT_sub_14,IM,BC,0.002295053,0.01184683,0.006838226,-0.013768439,0.000226924,-3.502916096,0.000460194,variance,subselection,0.99999998,3.502916096
avatarRT_sub_14,IM,BC,0.000654723,0.01184683,14.14806801,0.76730427,0.769150784,0.727629619,0.466840344,variance,realignment,0.52200002,0.727629619
avatarRT_sub_14,WMP,BC,0.015089396,-0.08639695,4.53E-70,-0.009092367,1.80E-71,-7.69137352,1.46E-14,variance,subselection,0.99999998,7.69137352
avatarRT_sub_14,WMP,BC,0.006746388,-0.08639695,1.59E-15,-0.003871838,5.76E-17,-5.420602828,5.94E-08,variance,realignment,0.99999998,5.420602828
avatarRT_sub_15,IM,BC,0.029161316,-0.090239286,2.35E-197,-0.009573477,9.94E-199,-10.67735777,1.30E-26,variance,subselection,0.99999998,10.67735777
avatarRT_sub_15,IM,BC,0.008215368,-0.090239286,2.85E-32,-0.008994426,1.11E-33,-5.888679191,3.89E-09,variance,realignment,0.99999998,5.888679191
avatarRT_sub_15,WMP,BC,0.006737967,-0.051370397,3.57E-71,-0.004102381,9.93E-73,-7.486845902,7.05E-14,variance,subselection,0.99999998,7.486845902
avatarRT_sub_15,WMP,BC,0.002965428,-0.051370397,0.622622036,0.020492031,0.03069075,-2.744485534,0.006060583,variance,realignment,0.99799998,2.744485534
avatarRT_sub_16,IM,BC,0.025383742,-0.074014917,1.13E-96,-0.023407146,5.56E-98,-8.378722231,5.35E-17,variance,subselection,0.99999998,8.378722231
avatarRT_sub_16,IM,BC,0.002449254,-0.074014917,2.650152411,0.138088675,0.141565634,2.116397167,0.034311043,variance,realignment,0.95200002,2.116397167
avatarRT_sub_16,WMP,BC,0.003025349,-0.036220508,9.72E-05,-0.017758806,3.69E-06,-3.737804021,0.000185635,variance,subselection,0.99999998,3.737804021
avatarRT_sub_16,WMP,BC,0.006436233,-0.036220508,3.85E-08,-0.027340621,1.76E-09,4.348821159,1.37E-05,variance,realignment,1.00000002,4.348821159
avatarRT_sub_17,IM,BC,0.041929305,-0.084118207,2.91E-140,-0.00634483,1.68E-141,-9.270522906,1.85E-20,variance,subselection,0.99999998,9.270522906
avatarRT_sub_17,IM,BC,0.00076601,-0.084118207,13.813435,0.742122249,0.7444038,-0.847997516,0.396439354,variance,realignment,0.60599998,0.847997516
avatarRT_sub_17,WMP,BC,0.001250547,-0.008139894,6.615540538,0.322833946,0.333389183,-1.551592658,0.120759721,variance,subselection,0.88999998,1.551592658
avatarRT_sub_17,WMP,BC,0.000605961,-0.008139894,14.05968654,0.767661856,0.769425284,0.716075633,0.473944649,variance,realignment,0.47400002,0.716075633
avatarRT_sub_18,IM,BC,0.001880823,0.014801827,0.477286992,0.01290301,0.017493712,-2.793010749,0.005221996,variance,subselection,0.99399998,2.793010749
avatarRT_sub_18,IM,BC,0.00056332,0.014801827,15.16781942,0.689231707,0.693714818,0.765730014,0.443836964,variance,realignment,0.56000002,0.765730014
avatarRT_sub_18,WMP,BC,0.001514943,-0.021798137,1.349577825,0.042586286,0.048502905,-2.458927493,0.013935276,variance,subselection,0.98199998,2.458927493
avatarRT_sub_18,WMP,BC,0.000460907,-0.021798137,17.98198202,0.969605275,0.969842796,-0.061519787,0.950945256,variance,realignment,0.04799998,0.061519787
avatarRT_sub_19,IM,BC,0.011227936,-0.009929236,2.68E-26,-0.004083906,1.14E-27,-6.168915181,6.88E-10,variance,subselection,0.99999998,6.168915181
avatarRT_sub_19,IM,BC,0.004111238,-0.009929236,0.119392124,-0.013328071,0.005753792,3.204188987,0.001354435,variance,realignment,1.00000002,3.204188987
avatarRT_sub_19,WMP,BC,0.000472239,0.027405258,16.20784739,0.698170706,0.700082663,0.819039781,0.412763717,variance,subselection,0.60800002,0.819039781
avatarRT_sub_19,WMP,BC,0.006842066,0.027405258,0.010883018,-0.007296722,0.000565822,3.884635809,0.000102483,variance,realignment,1.00000002,3.884635809
avatarRT_sub_21,IM,BC,0.005262194,-0.008457723,2.42E-10,-0.010508682,9.40E-12,-4.781871295,1.74E-06,variance,subselection,0.99999998,4.781871295
avatarRT_sub_21,IM,BC,0.002076705,-0.008457723,1.929359289,0.086442504,0.092830973,-2.162686498,0.0305653,variance,realignment,0.97199998,2.162686498
avatarRT_sub_21,WMP,BC,0.014992354,-0.077396694,1.42E-81,-0.004184263,5.51E-83,-8.228971758,1.89E-16,variance,subselection,0.99999998,8.228971758
avatarRT_sub_21,WMP,BC,0.000437383,-0.077396694,19.36257597,0.999490375,0.999493683,-0.26446003,0.79142546,variance,realignment,0.17599998,0.26446003
avatarRT_sub_22,IM,BC,0.000173096,0.032370257,25.80302005,0.618841352,0.622425651,-0.890313988,0.373297312,variance,subselection,0.60399998,0.890313988
avatarRT_sub_22,IM,BC,0.002246904,0.032370257,0.285881788,0.005486464,0.011226603,2.979534321,0.002886869,variance,realignment,0.99600002,2.979534321
avatarRT_sub_22,WMP,BC,0.002252391,-0.009313736,0.001039395,-0.015384209,3.29E-05,-3.809535476,0.000139228,variance,subselection,0.99999998,3.809535476
avatarRT_sub_22,WMP,BC,0.000785489,-0.009313736,12.12541301,0.591754237,0.595829352,-1.086149239,0.277412971,variance,realignment,0.71999998,1.086149239
avatarRT_sub_23,IM,BC,0.010306341,0.002156425,2.46E-13,-0.004291996,1.27E-14,-5.129169459,2.91E-07,variance,subselection,0.99999998,5.129169459
avatarRT_sub_23,IM,BC,0.000615721,0.002156425,14.31564013,0.694790965,0.696720681,0.831993879,0.405412399,variance,realignment,0.61200002,0.831993879
avatarRT_sub_23,WMP,BC,0.000143722,0.023713673,32.19345301,0.824077,0.826150412,-0.731182062,0.464667955,variance,subselection,0.51599998,0.731182062
avatarRT_sub_23,WMP,BC,0.000399721,0.023713673,15.9700559,0.593773111,0.596813816,0.821308334,0.411470662,variance,realignment,0.59200002,0.821308334
avatarRT_sub_24,IM,BC,0.000268962,0.050764707,16.77903713,0.406033022,0.410323741,1.326888157,0.184545682,variance,subselection,0.80600002,1.326888157
avatarRT_sub_24,IM,BC,0.001272394,0.050764707,5.031433616,0.208738313,0.21878329,1.843204932,0.065299095,variance,realignment,0.90800002,1.843204932
avatarRT_sub_24,WMP,BC,0.001381499,-0.013288077,7.533548068,0.443468241,0.447952325,-1.238548103,0.215512897,variance,subselection,0.80599998,1.238548103
avatarRT_sub_24,WMP,BC,0.00283388,-0.013288077,3.14401443,0.220022319,0.223558306,1.733345033,0.083034361,variance,realignment,0.92000002,1.733345033
avatarRT_sub_25,IM,BC,0.000670288,0.057591051,13.41673104,0.643808751,0.6456053,-0.970059417,0.332016876,variance,subselection,0.65999998,0.970059417
avatarRT_sub_25,IM,BC,0.007207239,0.057591051,1.38E-20,-0.005935516,5.13E-22,5.623361302,1.87E-08,variance,realignment,1.00000002,5.623361302
avatarRT_sub_25,WMP,BC,0.007430011,-0.041773174,1.03E-67,-0.011297902,2.99E-69,-7.518771563,5.53E-14,variance,subselection,0.99999998,7.518771563
avatarRT_sub_25,WMP,BC,0.000521657,-0.041773174,13.98370905,0.53285999,0.537265488,-1.120375792,0.262553656,variance,realignment,0.76599998,1.120375792
avatarRT_sub_05,IM,0.2,0.000903931,-0.003797226,3.23101472,0.092021024,0.103444399,-2.175113272,0.029621629,variance,subselection,0.97599998,2.175113272
avatarRT_sub_05,IM,0.2,0.000529559,-0.003797226,15.86729058,0.636349184,0.637952968,-1.112391987,0.265969648,variance,realignment,0.74199998,1.112391987
avatarRT_sub_05,WMP,0.2,0.000283404,0.012133764,18.43700013,0.511252913,0.513395948,-1.078090153,0.280993526,variance,subselection,0.71599998,1.078090153
avatarRT_sub_05,WMP,0.2,0.000450721,0.012133764,17.25336891,0.829141769,0.832935612,-0.535144364,0.592550035,variance,realignment,0.38999998,0.535144364
avatarRT_sub_06,IM,0.2,0.002180712,0.066698926,1.237676264,0.038786712,0.053362084,2.600384236,0.009311943,variance,subselection,0.98400002,2.600384236
avatarRT_sub_06,IM,0.2,0.010140581,0.066698926,5.96E-19,-0.005932141,2.60E-20,5.880406326,4.09E-09,variance,realignment,1.00000002,5.880406326
avatarRT_sub_06,WMP,0.2,0.011564528,-0.085016667,3.69E-175,-0.004085195,9.17E-177,-10.7492594,5.97E-27,variance,subselection,0.99999998,10.7492594
avatarRT_sub_06,WMP,0.2,0.008341719,-0.085016667,2.18E-103,-0.00448485,6.45E-105,-8.249180604,1.59E-16,variance,realignment,0.99999998,8.249180604
avatarRT_sub_07,IM,0.2,0.002735851,-0.021655315,0.006585074,-0.01883671,0.000247814,-3.520029686,0.000431499,variance,subselection,0.99999998,3.520029686
avatarRT_sub_07,IM,0.2,0.000615978,-0.021655315,13.56553611,0.548160368,0.555357561,-1.108979276,0.267439122,variance,realignment,0.74799998,1.108979276
avatarRT_sub_07,WMP,0.2,0.006253865,-0.035884064,0.00050162,-0.004035472,2.65E-05,-3.680351793,0.000232912,variance,subselection,0.99999998,3.680351793
avatarRT_sub_07,WMP,0.2,0.009859429,-0.035884064,0.003983007,-0.016481058,0.000255487,3.911875758,9.16E-05,variance,realignment,1.00000002,3.911875758
avatarRT_sub_08,IM,0.2,0.005045286,-0.042763355,4.47E-12,-0.004451661,1.52E-13,-5.017862411,5.22E-07,variance,subselection,0.99999998,5.017862411
avatarRT_sub_08,IM,0.2,0.000643621,-0.042763355,14.39432524,0.809974711,0.810771459,-0.644372832,0.519333697,variance,realignment,0.47599998,0.644372832
avatarRT_sub_08,WMP,0.2,0.001899192,-0.013668953,0.643556369,0.013063066,0.022484195,-3.012152069,0.002594026,variance,subselection,0.99599998,3.012152069
avatarRT_sub_08,WMP,0.2,0.000369796,-0.013668953,20.60732743,0.98425415,0.984501503,-0.214071159,0.830491566,variance,realignment,0.15399998,0.214071159
avatarRT_sub_10,IM,0.2,0.002862581,-0.02879339,0.063084898,-0.001771579,0.002172131,-3.721277037,0.000198218,variance,subselection,0.99799998,3.721277037
avatarRT_sub_10,IM,0.2,0.001098107,-0.02879339,3.087130269,0.105747568,0.117458854,-2.120290235,0.033981577,variance,realignment,0.96999998,2.120290235
avatarRT_sub_10,WMP,0.2,0.001758506,0.003498163,2.389116557,0.093470201,0.104287951,-2.090220977,0.036597954,variance,subselection,0.97199998,2.090220977
avatarRT_sub_10,WMP,0.2,0.017293423,0.003498163,1.26E-44,-0.022857004,6.43E-46,6.560888224,5.35E-11,variance,realignment,1.00000002,6.560888224
avatarRT_sub_11,IM,0.2,0.001991663,0.05949057,3.31E-10,-0.007139957,8.05E-12,4.6984202,2.62E-06,variance,subselection,1.00000002,4.6984202
avatarRT_sub_11,IM,0.2,0.003094111,0.05949057,0.393911736,0.007996477,0.016663248,3.060752848,0.002207813,variance,realignment,0.99600002,3.060752848
avatarRT_sub_11,WMP,0.2,0.000432572,0.003268552,10.45520763,0.285969756,0.296024238,-1.478153807,0.139366615,variance,subselection,0.86599998,1.478153807
avatarRT_sub_11,WMP,0.2,0.000426142,0.003268552,18.79545727,0.980895086,0.981117405,0.086965828,0.930698675,variance,realignment,0.09200002,0.086965828
avatarRT_sub_13,IM,0.2,0.001983998,-0.020173255,0.25188747,-0.000831462,0.008619972,-3.113658123,0.001847835,variance,subselection,0.99999998,3.113658123
avatarRT_sub_13,IM,0.2,0.000660657,-0.020173255,15.90450074,0.871371748,0.872379823,-0.739266624,0.459745112,variance,realignment,0.54199998,0.739266624
avatarRT_sub_13,WMP,0.2,0.013489203,0.124105945,0,-0.004214331,0,14.56273612,4.85E-48,variance,subselection,1.00000002,14.56273612
avatarRT_sub_13,WMP,0.2,0.002113637,0.124105945,2.518530003,0.13188864,0.140360896,2.0285348,0.042505695,variance,realignment,0.94600002,2.0285348
avatarRT_sub_14,IM,0.2,0.000185235,0.01184683,30.7440759,0.806702282,0.8078546,-0.827905822,0.407723837,variance,subselection,0.58799998,0.827905822
avatarRT_sub_14,IM,0.2,0.000662997,0.01184683,13.95774805,0.762356703,0.763344814,0.70531137,0.480616486,variance,realignment,0.53200002,0.70531137
avatarRT_sub_14,WMP,0.2,0.015115643,-0.08639695,1.90E-72,-0.011823139,7.30E-74,-7.507899684,6.01E-14,variance,subselection,0.99999998,7.507899684
avatarRT_sub_14,WMP,0.2,0.006852646,-0.08639695,9.00E-16,-0.004132499,3.43E-17,-5.423308808,5.85E-08,variance,realignment,0.99999998,5.423308808
avatarRT_sub_15,IM,0.2,0.013870277,-0.090239286,4.38E-154,-0.004025865,1.28E-155,-9.547822759,1.32E-21,variance,subselection,0.99999998,9.547822759
avatarRT_sub_15,IM,0.2,0.008303857,-0.090239286,4.41E-37,-0.008000164,1.78E-38,-5.882131052,4.05E-09,variance,realignment,0.99999998,5.882131052
avatarRT_sub_15,WMP,0.2,0.005299191,-0.051370397,4.86E-59,-0.004086833,1.30E-60,-6.929793863,4.21E-12,variance,subselection,0.99999998,6.929793863
avatarRT_sub_15,WMP,0.2,0.002959361,-0.051370397,0.484676034,0.01562058,0.024346509,-2.677132922,0.007425517,variance,realignment,0.99999998,2.677132922
avatarRT_sub_16,IM,0.2,0.013047538,-0.074014917,2.00E-43,-0.010851358,7.97E-45,-6.725975282,1.74E-11,variance,subselection,0.99999998,6.725975282
avatarRT_sub_16,IM,0.2,0.00240091,-0.074014917,2.723550581,0.137244522,0.142785465,2.149234304,0.031615831,variance,realignment,0.95200002,2.149234304
avatarRT_sub_16,WMP,0.2,0.005050762,-0.036220508,5.68E-06,-0.008516566,2.13E-07,-4.663612053,3.11E-06,variance,subselection,0.99999998,4.663612053
avatarRT_sub_16,WMP,0.2,0.006437756,-0.036220508,4.62E-07,-0.015565295,2.16E-08,4.36601714,1.27E-05,variance,realignment,1.00000002,4.36601714
avatarRT_sub_17,IM,0.2,0.013688486,-0.084118207,6.21E-70,-0.007926045,2.47E-71,-7.356608847,1.89E-13,variance,subselection,0.99999998,7.356608847
avatarRT_sub_17,IM,0.2,0.000763904,-0.084118207,13.87527552,0.723650168,0.72563609,-0.875484779,0.381310189,variance,realignment,0.61799998,0.875484779
avatarRT_sub_17,WMP,0.2,0.001612178,-0.008139894,4.265827113,0.216508444,0.220173168,-1.789907205,0.07346883,variance,subselection,0.94399998,1.789907205
avatarRT_sub_17,WMP,0.2,0.00060778,-0.008139894,14.19157577,0.728175908,0.729368004,0.749051457,0.453826192,variance,realignment,0.54400002,0.749051457
avatarRT_sub_18,IM,0.2,0.000241736,0.014801827,24.71009905,0.769404218,0.770807114,-0.751177898,0.4525456,variance,subselection,0.54199998,0.751177898
avatarRT_sub_18,IM,0.2,0.000555971,0.014801827,15.0759903,0.721365609,0.724914097,0.733000006,0.463558426,variance,realignment,0.54400002,0.733000006
avatarRT_sub_18,WMP,0.2,0.002717063,-0.021798137,0.189039139,0.002282758,0.007015487,-3.222307157,0.001271627,variance,subselection,0.99999998,3.222307157
avatarRT_sub_18,WMP,0.2,0.000471302,-0.021798137,16.94148963,0.992966689,0.993022176,-0.090325706,0.928028394,variance,realignment,0.05799998,0.090325706
avatarRT_sub_19,IM,0.2,0.001962931,-0.009929236,0.209697662,0.003103362,0.007707121,-3.115648048,0.001835412,variance,subselection,0.99799998,3.115648048
avatarRT_sub_19,IM,0.2,0.004143536,-0.009929236,0.268516247,-0.007152537,0.012989384,3.264346207,0.00109717,variance,realignment,1.00000002,3.264346207
avatarRT_sub_19,WMP,0.2,0.000332182,0.027405258,21.44071752,0.993767476,0.993806267,-0.143793576,0.885663476,variance,subselection,0.07599998,0.143793576
avatarRT_sub_19,WMP,0.2,0.006769304,0.027405258,0.093210147,0.000140934,0.004946278,3.884252701,0.000102645,variance,realignment,0.99800002,3.884252701
avatarRT_sub_21,IM,0.2,0.001372173,-0.008457723,0.491824023,0.008241017,0.016888729,-2.646802946,0.008125669,variance,subselection,0.99399998,2.646802946
avatarRT_sub_21,IM,0.2,0.002116396,-0.008457723,1.317094104,0.053865549,0.066559554,-2.317819573,0.020459129,variance,realignment,0.98999998,2.317819573
avatarRT_sub_21,WMP,0.2,0.011496882,-0.077396694,3.43E-79,-0.003889468,1.19E-80,-7.461561794,8.55E-14,variance,subselection,0.99999998,7.461561794
avatarRT_sub_21,WMP,0.2,0.000393148,-0.077396694,19.95015995,0.999023527,0.999034518,-0.163838994,0.869857894,variance,realignment,0.10999998,0.163838994
avatarRT_sub_22,IM,0.2,0.000341987,0.032370257,7.312229563,0.1521666,0.156247071,1.934507176,0.053050801,variance,subselection,0.94400002,1.934507176
avatarRT_sub_22,IM,0.2,0.002262158,0.032370257,0.306951768,0.000436562,0.010940092,2.97531833,0.002926847,variance,realignment,1.00000002,2.97531833
avatarRT_sub_22,WMP,0.2,0.001085543,-0.009313736,0.533890718,0.007080341,0.014895385,-2.878178435,0.003999788,variance,subselection,0.99999998,2.878178435
avatarRT_sub_22,WMP,0.2,0.000712988,-0.009313736,14.53644493,0.695837639,0.700994502,-1.069840621,0.284691055,variance,realignment,0.69199998,1.069840621
avatarRT_sub_23,IM,0.2,0.000872537,0.002156425,4.823313913,0.158596654,0.162837073,-1.928364493,0.053809805,variance,subselection,0.95799998,1.928364493
avatarRT_sub_23,IM,0.2,0.000678964,0.002156425,13.18670364,0.685750612,0.687591673,0.890325707,0.373291021,variance,realignment,0.62800002,0.890325707
avatarRT_sub_23,WMP,0.2,0.000149209,0.023713673,28.95130312,0.62764541,0.630578732,0.957320094,0.338405716,variance,subselection,0.68600002,0.957320094
avatarRT_sub_23,WMP,0.2,0.000396368,0.023713673,18.9453637,0.806231851,0.807567491,0.780609801,0.435032025,variance,realignment,0.55400002,0.780609801
avatarRT_sub_24,IM,0.2,0.001332545,0.050764707,2.57E-06,-0.006323107,5.37E-08,4.461443705,8.14E-06,variance,subselection,1.00000002,4.461443705
avatarRT_sub_24,IM,0.2,0.00122048,0.050764707,4.75016963,0.228868911,0.23304616,1.805367448,0.071017201,variance,realignment,0.92800002,1.805367448
avatarRT_sub_24,WMP,0.2,0.002692081,-0.013288077,3.106624591,0.191259349,0.195603854,-1.864138807,0.062302214,variance,subselection,0.93999998,1.864138807
avatarRT_sub_24,WMP,0.2,0.002830295,-0.013288077,3.794950633,0.277263053,0.284518558,1.727533518,0.084071891,variance,realignment,0.91200002,1.727533518
avatarRT_sub_25,IM,0.2,0.000807143,0.057591051,10.02185161,0.427284786,0.437174232,1.371249467,0.170297202,variance,subselection,0.84200002,1.371249467
avatarRT_sub_25,IM,0.2,0.007341103,0.057591051,3.18E-23,-0.008408524,1.25E-24,5.764845124,8.17E-09,variance,realignment,1.00000002,5.764845124
avatarRT_sub_25,WMP,0.2,0.003610183,-0.041773174,2.45E-36,-0.023590698,6.50E-38,-5.720033048,1.07E-08,variance,subselection,0.99999998,5.720033048
avatarRT_sub_25,WMP,0.2,0.000522425,-0.041773174,14.94965683,0.617031321,0.618736547,-1.119413414,0.262963811,variance,realignment,0.74999998,1.119413414
avatarRT_sub_05,IM,0.5,0.004838447,-0.003797226,2.39E-06,-0.006671597,8.81E-08,-4.415755704,1.01E-05,variance,subselection,0.99999998,4.415755704
avatarRT_sub_05,IM,0.5,0.000556088,-0.003797226,14.5993639,0.552982482,0.557547508,-1.144055189,0.25260075,variance,realignment,0.73999998,1.144055189
avatarRT_sub_05,WMP,0.5,0.003592096,0.012133764,0.000132516,-0.004006749,4.61E-06,-4.113886818,3.89E-05,variance,subselection,0.99999998,4.113886818
avatarRT_sub_05,WMP,0.5,0.000466613,0.012133764,18.92843547,0.932305477,0.932845848,-0.550433288,0.582022222,variance,realignment,0.38199998,0.550433288
avatarRT_sub_06,IM,0.5,0.000411472,0.066698926,18.99676777,0.995857876,0.995876613,-0.097152244,0.922605492,variance,subselection,0.05999998,0.097152244
avatarRT_sub_06,IM,0.5,0.010247665,0.066698926,4.27E-25,-0.013769195,1.80E-26,6.024814073,1.69E-09,variance,realignment,1.00000002,6.024814073
avatarRT_sub_06,WMP,0.5,0.021493638,-0.085016667,8.98E-306,-0.006340383,2.77E-307,-11.99210928,3.91E-33,variance,subselection,0.99999998,11.99210928
avatarRT_sub_06,WMP,0.5,0.008234805,-0.085016667,4.82E-119,-0.018827521,1.35E-120,-8.336132753,7.68E-17,variance,realignment,0.99999998,8.336132753
avatarRT_sub_07,IM,0.5,0.01104268,-0.021655315,1.88E-30,-0.009117777,8.81E-32,-6.019495614,1.75E-09,variance,subselection,0.99999998,6.019495614
avatarRT_sub_07,IM,0.5,0.000660356,-0.021655315,12.39218509,0.501961292,0.504119501,-1.253811839,0.209910405,variance,realignment,0.79999998,1.253811839
avatarRT_sub_07,WMP,0.5,0.02576997,-0.035884064,1.64E-31,-0.004104201,1.09E-32,-6.106844679,1.02E-09,variance,subselection,0.99999998,6.106844679
avatarRT_sub_07,WMP,0.5,0.009937697,-0.035884064,0.012695476,-0.003842467,0.000748817,4.066925952,4.76E-05,variance,realignment,1.00000002,4.066925952
avatarRT_sub_08,IM,0.5,0.01593715,-0.042763355,2.51E-67,-0.02580241,1.14E-68,-7.141474063,9.23E-13,variance,subselection,0.99999998,7.141474063
avatarRT_sub_08,IM,0.5,0.000630989,-0.042763355,16.03444045,0.840735105,0.842114667,-0.69102753,0.489548241,variance,realignment,0.49599998,0.69102753
avatarRT_sub_08,WMP,0.5,0.009427047,-0.013668953,1.23E-27,-0.022229489,5.42E-29,-5.528784668,3.22E-08,variance,subselection,0.99999998,5.528784668
avatarRT_sub_08,WMP,0.5,0.000383431,-0.013668953,19.79018495,0.997507642,0.997518987,-0.23947287,0.810738931,variance,realignment,0.15399998,0.23947287
avatarRT_sub_10,IM,0.5,0.009242488,-0.02879339,3.27E-24,-0.007231611,1.40E-25,-5.808732364,6.29E-09,variance,subselection,0.99999998,5.808732364
avatarRT_sub_10,IM,0.5,0.001173723,-0.02879339,2.776850078,0.090798388,0.09813086,-2.183623563,0.028989921,variance,realignment,0.97799998,2.183623563
avatarRT_sub_10,WMP,0.5,0.014293886,0.003498163,2.64E-18,-0.010581019,1.59E-19,-5.24907507,1.53E-07,variance,subselection,0.99999998,5.24907507
avatarRT_sub_10,WMP,0.5,0.017020269,0.003498163,8.35E-32,-0.00440852,4.16E-33,6.445885352,1.15E-10,variance,realignment,1.00000002,6.445885352
avatarRT_sub_11,IM,0.5,0.000235931,0.05949057,22.61337491,0.715255096,0.718386557,0.874277835,0.381966967,variance,subselection,0.60600002,0.874277835
avatarRT_sub_11,IM,0.5,0.0030617,0.05949057,0.381833537,0.010237792,0.016310736,3.14039322,0.001687212,variance,realignment,0.99600002,3.14039322
avatarRT_sub_11,WMP,0.5,0.003901926,0.003268552,4.10E-05,-0.008200889,1.71E-06,-3.869495504,0.000109061,variance,subselection,0.99999998,3.869495504
avatarRT_sub_11,WMP,0.5,0.000406107,0.003268552,20.03721414,0.992194389,0.992239565,0.113658316,0.909508657,variance,realignment,0.11600002,0.113658316
avatarRT_sub_13,IM,0.5,0.008690551,-0.020173255,4.90E-19,-0.004516305,2.17E-20,-5.238938526,1.62E-07,variance,subselection,0.99999998,5.238938526
avatarRT_sub_13,IM,0.5,0.000667359,-0.020173255,14.99116207,0.820649279,0.822411125,-0.780567835,0.435056716,variance,realignment,0.52799998,0.780567835
avatarRT_sub_13,WMP,0.5,0.009173785,0.124105945,7.37E-108,-0.005822178,1.89E-109,9.344217733,9.26E-21,variance,subselection,1.00000002,9.344217733
avatarRT_sub_13,WMP,0.5,0.002196223,0.124105945,2.653114414,0.119098437,0.131296857,2.133795572,0.032859519,variance,realignment,0.95200002,2.133795572
avatarRT_sub_14,IM,0.5,0.002621124,0.01184683,0.016061815,-0.003773865,0.00056791,-3.695556768,0.000219405,variance,subselection,0.99999998,3.695556768
avatarRT_sub_14,IM,0.5,0.000703881,0.01184683,13.2583997,0.6792988,0.681396449,0.753779168,0.450981835,variance,realignment,0.53800002,0.753779168
avatarRT_sub_14,WMP,0.5,0.034144146,-0.08639695,1.27E-131,-0.010188687,6.73E-133,-8.878665693,6.77E-19,variance,subselection,0.99999998,8.878665693
avatarRT_sub_14,WMP,0.5,0.006900438,-0.08639695,1.49E-21,-0.010497967,5.93E-23,-5.275249264,1.33E-07,variance,realignment,0.99999998,5.275249264
avatarRT_sub_15,IM,0.5,0.027853968,-0.090239286,3.43E-199,-0.006916589,1.46E-200,-10.50326641,8.34E-26,variance,subselection,0.99999998,10.50326641
avatarRT_sub_15,IM,0.5,0.008275388,-0.090239286,3.29E-38,-0.004041258,1.25E-39,-5.961535017,2.50E-09,variance,realignment,0.99999998,5.961535017
avatarRT_sub_15,WMP,0.5,0.012505237,-0.051370397,5.27E-100,-0.007007926,1.79E-101,-8.554244493,1.19E-17,variance,subselection,0.99999998,8.554244493
avatarRT_sub_15,WMP,0.5,0.00299791,-0.051370397,0.378018633,0.013720382,0.01774678,-2.816348969,0.004857287,variance,realignment,0.99599998,2.816348969
avatarRT_sub_16,IM,0.5,0.034557868,-0.074014917,3.69E-109,-0.009393892,2.06E-110,-8.855519662,8.33E-19,variance,subselection,0.99999998,8.855519662
avatarRT_sub_16,IM,0.5,0.002384143,-0.074014917,2.099752235,0.098206324,0.107209532,2.194634837,0.028189802,variance,realignment,0.96800002,2.194634837
avatarRT_sub_16,WMP,0.5,0.01749956,-0.036220508,6.81E-51,-0.006459114,3.16E-52,-7.164242817,7.82E-13,variance,subselection,0.99999998,7.164242817
avatarRT_sub_16,WMP,0.5,0.00656637,-0.036220508,0.000242317,-0.009967983,1.14E-05,4.40646322,1.05E-05,variance,realignment,1.00000002,4.40646322
avatarRT_sub_17,IM,0.5,0.031229545,-0.084118207,2.40E-135,-0.019751165,1.19E-136,-9.081410094,1.07E-19,variance,subselection,0.99999998,9.081410094
avatarRT_sub_17,IM,0.5,0.000731568,-0.084118207,13.17113428,0.70469747,0.707465344,-0.835955079,0.403180175,variance,realignment,0.58399998,0.835955079
avatarRT_sub_17,WMP,0.5,0.01109278,-0.008139894,0.000143566,-0.00692577,8.68E-06,-4.160208471,3.18E-05,variance,subselection,0.99999998,4.160208471
avatarRT_sub_17,WMP,0.5,0.000564106,-0.008139894,13.36674344,0.605147538,0.608148495,0.736142433,0.461644022,variance,realignment,0.53600002,0.736142433
avatarRT_sub_18,IM,0.5,0.003900533,0.014801827,0.000161399,-0.014546665,6.78E-06,-3.781559449,0.000155849,variance,subselection,0.99999998,3.781559449
avatarRT_sub_18,IM,0.5,0.000590389,0.014801827,15.07879381,0.740896391,0.744077675,0.772614844,0.439750357,variance,realignment,0.55400002,0.772614844
avatarRT_sub_18,WMP,0.5,0.01159007,-0.021798137,1.67E-17,-0.004352101,8.24E-19,-5.63870988,1.71E-08,variance,subselection,0.99999998,5.63870988
avatarRT_sub_18,WMP,0.5,0.000480181,-0.021798137,16.3867949,0.999767336,0.999769721,-0.091782774,0.92687063,variance,realignment,0.06199998,0.091782774
avatarRT_sub_19,IM,0.5,0.01030059,-0.009929236,4.80E-20,-0.00482,2.18E-21,-5.631394161,1.79E-08,variance,subselection,0.99999998,5.631394161
avatarRT_sub_19,IM,0.5,0.004222998,-0.009929236,0.243072725,-0.005740631,0.012476839,3.171337025,0.00151739,variance,realignment,1.00000002,3.171337025
avatarRT_sub_19,WMP,0.5,0.004772397,0.027405258,0.159818219,0.00371517,0.007950727,-3.12754778,0.001762712,variance,subselection,0.99999998,3.12754778
avatarRT_sub_19,WMP,0.5,0.006751638,0.027405258,7.65E-05,-0.004740539,3.95E-06,3.970180734,7.18E-05,variance,realignment,1.00000002,3.970180734
avatarRT_sub_21,IM,0.5,0.00699801,-0.008457723,6.53E-06,-0.003872493,2.67E-07,-4.870820678,1.11E-06,variance,subselection,0.99999998,4.870820678
avatarRT_sub_21,IM,0.5,0.002116635,-0.008457723,2.389863984,0.119288633,0.126907941,-2.08317814,0.037234989,variance,realignment,0.98199998,2.08317814
avatarRT_sub_21,WMP,0.5,0.027647901,-0.077396694,3.33E-134,-0.008857302,1.53E-135,-9.139344851,6.28E-20,variance,subselection,0.99999998,9.139344851
avatarRT_sub_21,WMP,0.5,0.000409201,-0.077396694,19.95330429,0.997254569,0.997280985,-0.151814857,0.879332963,variance,realignment,0.09199998,0.151814857
avatarRT_sub_22,IM,0.5,0.000404115,0.032370257,11.04211696,0.29533446,0.298763305,-1.640772555,0.100844637,variance,subselection,0.90399998,1.640772555
avatarRT_sub_22,IM,0.5,0.002252225,0.032370257,0.497254881,0.012616255,0.019770666,2.950241816,0.003175253,variance,realignment,0.99800002,2.950241816
avatarRT_sub_22,WMP,0.5,0.005590213,-0.009313736,2.01E-16,-0.011169302,7.57E-18,-5.023482997,5.07E-07,variance,subselection,0.99999998,5.023482997
avatarRT_sub_22,WMP,0.5,0.000709708,-0.009313736,13.68790444,0.653874192,0.658040395,-1.068616385,0.285242563,variance,realignment,0.71999998,1.068616385
avatarRT_sub_23,IM,0.5,0.006458119,0.002156425,8.36E-13,-0.005421401,3.91E-14,-4.445194368,8.78E-06,variance,subselection,0.99999998,4.445194368
avatarRT_sub_23,IM,0.5,0.000596144,0.002156425,12.93706473,0.597472406,0.599168373,0.888589599,0.374223683,variance,realignment,0.62400002,0.888589599
avatarRT_sub_23,WMP,0.5,0.000697772,0.023713673,3.286359783,0.088013836,0.096994798,-2.171406919,0.029900426,variance,subselection,0.97599998,2.171406919
avatarRT_sub_23,WMP,0.5,0.000362687,0.023713673,18.42329362,0.745336916,0.747021426,0.688086601,0.491398248,variance,realignment,0.51800002,0.688086601
avatarRT_sub_24,IM,0.5,0.000145654,0.050764707,30.66537216,0.829238414,0.831815736,0.581711691,0.560760896,variance,subselection,0.42800002,0.581711691
avatarRT_sub_24,IM,0.5,0.001276451,0.050764707,4.472481821,0.190710303,0.19520928,1.819092151,0.068897372,variance,realignment,0.92000002,1.819092151
avatarRT_sub_24,WMP,0.5,0.014704876,-0.013288077,0.001330188,-0.012676086,0.000109063,-3.629707509,0.000283743,variance,subselection,0.99999998,3.629707509
avatarRT_sub_24,WMP,0.5,0.002732799,-0.013288077,4.256491885,0.294432993,0.297345139,1.662572209,0.096398098,variance,realignment,0.89400002,1.662572209
avatarRT_sub_25,IM,0.5,0.00231493,0.057591051,1.980986674,0.092467269,0.099884655,-2.237470847,0.025255583,variance,subselection,0.97599998,2.237470847
avatarRT_sub_25,IM,0.5,0.007403224,0.057591051,1.02E-26,-0.00384362,3.64E-28,5.727939437,1.02E-08,variance,realignment,1.00000002,5.727939437
avatarRT_sub_25,WMP,0.5,0.008854893,-0.041773174,4.45E-50,-0.004338916,1.49E-51,-7.280983918,3.31E-13,variance,subselection,0.99999998,7.280983918
avatarRT_sub_25,WMP,0.5,0.000507262,-0.041773174,14.6469325,0.559649692,0.561427624,-1.11063024,0.266727541,variance,realignment,0.75599998,1.11063024