,subject_id,session_type,proportion,MSE,true_score,instantaneous_density,proportional_density,max_normed_density,z,pval_2t,metric,simulated_change,percentile,absolute_z
0,avatarRT_sub_05,IM,BC,0.0029568743387576157,-0.0037972256627950285,0.00016159615344102924,-0.004882108074726832,5.783670329496508e-06,-3.872307244689408,0.00010780992957864785,variance,subselection,0.99999998,3.872307244689408
1,avatarRT_sub_05,IM,BC,0.004783886310858465,-0.0948110414856056,4.143777496393534,0.4306773890272447,0.43390084866901635,1.1320572546642063,0.25761036424479467,entropy,subselection,0.7380000200000001,1.1320572546642063
2,avatarRT_sub_05,IM,BC,0.0005195324529055935,-0.0037972256627950285,14.25663406430484,0.5563272339002949,0.5581962352922376,-1.0879247853249627,0.2766283133128814,variance,realignment,0.73399998,1.0879247853249627
3,avatarRT_sub_05,IM,BC,0.01526716757289832,-0.0948110414856056,0.2769110620573177,0.016752931465471195,0.031250194609210115,-2.8730855682481455,0.004064840035168184,entropy,realignment,0.99599998,2.8730855682481455
0,avatarRT_sub_05,WMP,BC,0.004613154504800964,0.012133764252580836,8.183006391451785e-05,-0.0040676775504011504,3.114175590837074e-06,-4.370112865271183,1.2418233371169212e-05,variance,subselection,0.99999998,4.370112865271183
1,avatarRT_sub_05,WMP,BC,0.05377746034996111,0.02525556334335821,0.03546047659485723,-0.001793734404484878,0.005397721024453324,3.780007076846249,0.0001568239013079836,entropy,subselection,1.0000000199999999,3.780007076846249
2,avatarRT_sub_05,WMP,BC,0.00042478330658548923,0.012133764252580836,21.089021903123957,0.9969039850229693,0.9969588860449075,-0.5477233526532019,0.5838818747060646,variance,realignment,0.3519999800000001,0.5477233526532019
3,avatarRT_sub_05,WMP,BC,0.0028808616199843128,0.02525556334335821,6.856444019645927,0.8629368512686827,0.8635513303445914,-0.5051251985472339,0.6134709038371282,entropy,realignment,0.37999997999999996,0.5051251985472339
0,avatarRT_sub_06,IM,BC,0.0008170411763971184,0.06669892605976593,10.05481827835926,0.4564710948406885,0.45995990344288157,1.2053581080237252,0.22806508625867206,variance,subselection,0.7520000199999999,1.2053581080237252
1,avatarRT_sub_06,IM,BC,0.06368524013628508,0.05337410082135463,3.592483584401963e-06,-0.006364014534509235,6.052349726116346e-07,3.8188726295369704,0.00013406295761788847,entropy,subselection,1.0000000199999999,3.8188726295369704
2,avatarRT_sub_06,IM,BC,0.01033795174883643,0.06669892605976593,2.5317648821633638e-23,-0.009086239499419202,1.0673616572379778e-24,5.952743462249302,2.6368445348108265e-09,variance,realignment,1.0000000199999999,5.952743462249302
3,avatarRT_sub_06,IM,BC,0.02374014486711626,0.05337410082135463,1.7944638081849145,0.4135998944063535,0.4160670056397531,1.4281784373558768,0.15324050534279549,entropy,realignment,0.8720000199999999,1.4281784373558768
0,avatarRT_sub_06,WMP,BC,0.011609689927322591,-0.08501666703625181,2.4083477755764095e-187,-0.015278537227045209,6.458295406693088e-189,-10.245782222347628,1.2362084098579373e-24,variance,subselection,0.99999998,10.245782222347628
1,avatarRT_sub_06,WMP,BC,0.10871459846475366,-0.42620234932651835,1.4348774565029314e-130,-0.00828873262209136,1.1935216763545746e-131,-9.297568900318264,1.4369353739428172e-20,entropy,subselection,0.99999998,9.297568900318264
2,avatarRT_sub_06,WMP,BC,0.008206158048850717,-0.08501666703625181,2.9558991768904243e-100,-0.00835414294120994,8.906309420693053e-102,-8.098310697815197,5.572759501765053e-16,variance,realignment,0.99999998,8.098310697815197
3,avatarRT_sub_06,WMP,BC,0.1637158653042663,-0.42620234932651835,1.927e-321,-0.011661315573783781,1.6e-322,-12.775478128393528,2.247622481978786e-37,entropy,realignment,0.99999998,12.775478128393528
0,avatarRT_sub_07,IM,BC,0.013857535765434683,-0.0216553148531905,6.799058189992998e-33,-0.005048523643687656,3.1684270541210486e-34,-6.312754338113096,2.7411244377587814e-10,variance,subselection,0.99999998,6.312754338113096
1,avatarRT_sub_07,IM,BC,0.02370025586094448,-0.04641222330514738,0.4966744862846068,0.06869410976518724,0.07543891679426527,2.295679840459874,0.021694193944501207,entropy,subselection,0.9780000200000001,2.295679840459874
2,avatarRT_sub_07,IM,BC,0.0006987102535185633,-0.0216553148531905,12.311340075373614,0.5106446638174965,0.5149856326653381,-1.2214092702224675,0.22193109900979624,variance,realignment,0.7819999799999999,1.2214092702224675
3,avatarRT_sub_07,IM,BC,0.0075631999351384645,-0.04641222330514738,1.8424483145441013,0.17834494644711787,0.1828008231598664,-1.8743793894699594,0.060878152193908935,entropy,realignment,0.91599998,1.8743793894699594
0,avatarRT_sub_07,WMP,BC,0.0062623519141031935,-0.03588406384362544,0.0009268912876854703,-0.009367321566743922,4.742337244794112e-05,-3.6053036121413293,0.00031178819916872987,variance,subselection,0.99999998,3.6053036121413293
1,avatarRT_sub_07,WMP,BC,0.030193713079813424,0.04007754517489737,0.005185782973771414,-0.005345300497974031,0.0006119804497518623,3.7319404901450857,0.0001900103956530235,entropy,subselection,1.0000000199999999,3.7319404901450857
2,avatarRT_sub_07,WMP,BC,0.009818986602473594,-0.03588406384362544,0.003917405782607676,-0.004894328625472796,0.00024402401363026106,3.986847446202482,6.695704713029893e-05,variance,realignment,1.0000000199999999,3.986847446202482
3,avatarRT_sub_07,WMP,BC,0.08188943266442325,0.04007754517489737,0.03302668469772787,-0.00015888879789204488,0.008306911087688733,2.5860870181913334,0.009707242007672475,entropy,realignment,1.0000000199999999,2.5860870181913334
0,avatarRT_sub_08,IM,BC,0.02332944855911989,-0.0427633548423154,1.1214662349436607e-21,-0.004182271703339061,5.913413801850573e-23,-7.533807829786012,4.928163900894275e-14,variance,subselection,0.99999998,7.533807829786012
1,avatarRT_sub_08,IM,BC,0.007540092027518559,-0.03422307639492539,3.1444907210337756,0.42414368402130004,0.4320918902380802,1.2473012389933256,0.212287063327123,entropy,subselection,0.81800002,1.2473012389933256
2,avatarRT_sub_08,IM,BC,0.0006434641922501068,-0.0427633548423154,14.891035946627468,0.8268654608473617,0.829363390476185,-0.6549709533150752,0.5124864556767836,variance,realignment,0.46199998000000003,0.6549709533150752
3,avatarRT_sub_08,IM,BC,0.01175572472821537,-0.03422307639492539,4.020834407015359,0.8729287313094277,0.8738272951747985,0.7082752602530656,0.4787743373757847,entropy,realignment,0.5060000199999999,0.7082752602530656
0,avatarRT_sub_08,WMP,BC,0.0009072988244768682,-0.013668952554174024,4.323176540714809,0.14320921779901727,0.1466151560483765,-1.9645679473261186,0.04946426480962297,variance,subselection,0.95399998,1.9645679473261186
1,avatarRT_sub_08,WMP,BC,0.0029244893365126074,-0.028580387464514967,6.588294664335927,0.7765965910449227,0.7774506274390188,0.4596681058255274,0.6457544658762144,entropy,subselection,0.38000001999999994,0.4596681058255274
2,avatarRT_sub_08,WMP,BC,0.0003625494031026471,-0.013668952554174024,20.653568570487927,0.9889104913853626,0.9890172704562471,-0.18089398213779023,0.8564507924880791,variance,realignment,0.11999998000000005,0.18089398213779023
3,avatarRT_sub_08,WMP,BC,0.005998895033622791,-0.028580387464514967,4.576830847893807,0.6731687114907682,0.6749898398471826,-1.0075420513305482,0.3136743603919957,entropy,realignment,0.66999998,1.0075420513305482
0,avatarRT_sub_10,IM,BC,0.012985083805367776,-0.028793390465271324,6.029805956335568e-23,-0.005261604382243268,2.863155725957221e-24,-5.909460345965388,3.432302862095375e-09,variance,subselection,0.99999998,5.909460345965388
1,avatarRT_sub_10,IM,BC,0.043955826009558205,-0.11235396564641187,0.08057567468474916,0.010089627391334288,0.014036681090209786,2.8370549085639745,0.004553178091987376,entropy,subselection,0.9960000199999999,2.8370549085639745
2,avatarRT_sub_10,IM,BC,0.0011289973817613275,-0.028793390465271324,2.174685137711959,0.06464843169909053,0.07182055468966995,-2.291324037655583,0.021944679349680772,variance,realignment,0.98799998,2.291324037655583
3,avatarRT_sub_10,IM,BC,0.017599657024290803,-0.11235396564641187,0.30597720218514063,0.024361241505788445,0.03380153390009214,-2.763604488491638,0.005716678577726213,entropy,realignment,0.9919999799999999,2.763604488491638
0,avatarRT_sub_10,WMP,BC,0.0005756518337644938,0.0034981627310548824,13.996828897667958,0.5921998305178681,0.596760355949985,-0.9745503905455725,0.3297833319704051,variance,subselection,0.68199998,0.9745503905455725
1,avatarRT_sub_10,WMP,BC,0.0035871079685296054,-0.02849229335033776,4.291552525865429,0.3634012749470144,0.36615807378346055,1.4435496845487028,0.14886568699893063,entropy,subselection,0.86000002,1.4435496845487028
2,avatarRT_sub_10,WMP,BC,0.017189658967755584,0.0034981627310548824,4.2780063330180375e-12,-0.004028123237658422,2.291785266781176e-13,6.103223165424329,1.0395053980862499e-09,variance,realignment,1.0000000199999999,6.103223165424329
3,avatarRT_sub_10,WMP,BC,0.05494003130384477,-0.02849229335033776,0.081920629472208,0.011953530317092552,0.01816082466583133,2.5532345828172107,0.01067275874481827,entropy,realignment,0.9980000200000001,2.5532345828172107
0,avatarRT_sub_11,IM,BC,0.00031712771478137374,0.05949057027089906,18.842424907264498,0.5549721758736299,0.5569529727528257,1.179725234096648,0.23810951423607196,variance,subselection,0.7560000199999999,1.179725234096648
1,avatarRT_sub_11,IM,BC,0.048835955267908605,0.14533609843897688,3.682331800649755e-05,-0.016705990239320286,4.956874063709515e-06,4.133392235308565,3.5744793461016294e-05,entropy,subselection,1.0000000199999999,4.133392235308565
2,avatarRT_sub_11,IM,BC,0.00306262559884895,0.05949057027089906,0.5603777340667595,0.004216798265827177,0.02435012864848991,3.0517097561307347,0.002275420048883848,variance,realignment,0.9980000200000001,3.0517097561307347
3,avatarRT_sub_11,IM,BC,0.025032039824275387,0.14533609843897688,1.3571829647617175,0.26899021062770145,0.27701968034149677,1.6018552017237944,0.10918763280635677,entropy,realignment,0.9120000199999998,1.6018552017237944
0,avatarRT_sub_11,WMP,BC,0.00016828045019586465,0.0032685516564457673,30.359760856421037,0.9116932207033062,0.9132086344242096,-0.5691686908946422,0.5692416658929729,variance,subselection,0.39999998,0.5691686908946422
1,avatarRT_sub_11,WMP,BC,0.023258070253549222,0.11656118894089662,0.1575878655248456,0.018936996134088935,0.02326659695277627,2.634708606337439,0.008420954095593815,entropy,subselection,0.99400002,2.634708606337439
2,avatarRT_sub_11,WMP,BC,0.0004712244836232776,0.0032685516564457673,17.205070021674928,0.9557948618261636,0.9562420044292227,0.06801396751105446,0.9457745155660442,variance,realignment,0.0860000199999999,0.06801396751105446
3,avatarRT_sub_11,WMP,BC,0.009004288175214377,0.11656118894089662,4.490777181000603,0.9849800147938851,0.9850552093553038,0.3923700809480347,0.694784789215489,entropy,realignment,0.26400002,0.3923700809480347
0,avatarRT_sub_13,IM,BC,0.01654925104822498,-0.020173254957215447,1.3232574964850808e-22,-0.0048882847074028235,6.948508574631623e-24,-5.873385257388302,4.269846043179583e-09,variance,subselection,0.99999998,5.873385257388302
1,avatarRT_sub_13,IM,BC,0.018574890540493185,-0.0068493958748767625,0.9187082850098464,0.13819243287057256,0.14158491046799193,1.9490230861069398,0.05129266779376611,entropy,subselection,0.9540000200000001,1.9490230861069398
2,avatarRT_sub_13,IM,BC,0.0007145828820531336,-0.020173254957215447,13.093792676987206,0.6785710708545601,0.6809463652528336,-0.8181864714981739,0.41325071881646414,variance,realignment,0.59799998,0.8181864714981739
3,avatarRT_sub_13,IM,BC,0.009916712566610893,-0.0068493958748767625,3.1294019786074716,0.590024136897255,0.5933118116374811,-0.6711394365901803,0.502131706021074,entropy,realignment,0.5479999799999999,0.6711394365901803
0,avatarRT_sub_13,WMP,BC,0.013443876631697795,0.12410594465700764,0.0,-0.011199321547005916,0.0,14.446866906428122,2.623511089424288e-47,variance,subselection,1.0000000199999999,14.446866906428122
1,avatarRT_sub_13,WMP,BC,0.4839851064235284,0.7534722423525104,1.616431903439159e-50,-0.004079489004441469,3.093738497564424e-51,8.22752145521655,1.911269041732462e-16,entropy,subselection,1.0000000199999999,8.22752145521655
2,avatarRT_sub_13,WMP,BC,0.0022704046014878666,0.12410594465700764,3.0579988729125023,0.1635394356205051,0.1747941842670408,1.9885488652765781,0.04675102029162898,variance,realignment,0.9300000199999999,1.9885488652765781
3,avatarRT_sub_13,WMP,BC,0.007839844036774887,0.7534722423525104,4.355277772614324,0.9731517478978327,0.9733494525316325,0.14940564913523058,0.8812335543980921,entropy,realignment,0.062000019999999975,0.14940564913523058
0,avatarRT_sub_14,IM,BC,0.0022950531037255226,0.011846829656188329,0.0068382260008234864,-0.013768439437772631,0.00022692445371870162,-3.5029160957695313,0.00046019439781027423,variance,subselection,0.99999998,3.5029160957695313
1,avatarRT_sub_14,IM,BC,0.015959232161183473,0.013865287758525469,1.5587150601273343,0.2360072350958966,0.24280849030768323,1.7682408656227178,0.07702064508887538,entropy,subselection,0.9060000199999999,1.7682408656227178
2,avatarRT_sub_14,IM,BC,0.0006547233190936152,0.011846829656188329,14.148068013295639,0.7673042695709027,0.7691507841677662,0.7276296191133989,0.4668403442870952,variance,realignment,0.5220000199999998,0.7276296191133989
3,avatarRT_sub_14,IM,BC,0.009362569528342125,0.013865287758525469,4.272115781556802,0.9175916055872112,0.9179809364445012,0.5975788485069095,0.5501209809918421,entropy,realignment,0.39800002000000007,0.5975788485069095
0,avatarRT_sub_14,WMP,BC,0.015089396024266776,-0.08639695031586364,4.5254815663926724e-70,-0.009092366745505844,1.798306759692657e-71,-7.691373519637103,1.4556378786906066e-14,variance,subselection,0.99999998,7.691373519637103
1,avatarRT_sub_14,WMP,BC,0.004328153718134719,-0.1715940846073578,3.794374182006278,0.344912375149591,0.3498351557436898,-1.4649300226391018,0.14294001070485018,entropy,subselection,0.8299999800000001,1.4649300226391018
2,avatarRT_sub_14,WMP,BC,0.006746387508484917,-0.08639695031586364,1.592229235169398e-15,-0.0038718380384138353,5.764638184094078e-17,-5.420602827855794,5.939839434864154e-08,variance,realignment,0.99999998,5.420602827855794
3,avatarRT_sub_14,WMP,BC,0.036823208726718556,-0.1715940846073578,7.911828776608328e-48,-0.0068209171235096965,5.295612794240714e-49,-7.278484787388852,3.375902916759674e-13,entropy,realignment,0.99999998,7.278484787388852
0,avatarRT_sub_15,IM,BC,0.029161315603563116,-0.09023928551924315,2.3481176136728344e-197,-0.009573477324802036,9.93740052852707e-199,-10.677357768649978,1.2991682330458326e-26,variance,subselection,0.99999998,10.677357768649978
1,avatarRT_sub_15,IM,BC,0.0077015662458147305,-0.2608119985972239,2.2852807923964535,0.24685704135085576,0.2517628671968069,-1.6888477482436384,0.0912486107898044,entropy,subselection,0.8919999799999999,1.6888477482436384
2,avatarRT_sub_15,IM,BC,0.008215368205004863,-0.09023928551924315,2.8492082713508744e-32,-0.008994425568666514,1.1069372575477565e-33,-5.888679190787402,3.892942981525812e-09,variance,realignment,0.99999998,5.888679190787402
3,avatarRT_sub_15,IM,BC,0.05376253352902955,-0.2608119985972239,1.0438588810814702e-18,-0.005177606064951194,1.09111303559822e-19,-5.856382005755231,4.730594084792693e-09,entropy,realignment,0.99999998,5.856382005755231
0,avatarRT_sub_15,WMP,BC,0.006737966976858583,-0.051370397405626406,3.572811915730984e-71,-0.004102380616221498,9.934121729836979e-73,-7.486845901637296,7.054845141140177e-14,variance,subselection,0.99999998,7.486845901637296
1,avatarRT_sub_15,WMP,BC,0.023336606492317186,-0.18411363925546675,0.34249548966440474,0.0431135458752145,0.048109465104781333,-2.1294079776577566,0.03322052100290243,entropy,subselection,0.98999998,2.1294079776577566
2,avatarRT_sub_15,WMP,BC,0.0029654283168610625,-0.051370397405626406,0.6226220364313199,0.02049203118927888,0.030690749952307615,-2.7444855344261185,0.006060582544529778,variance,realignment,0.99799998,2.7444855344261185
3,avatarRT_sub_15,WMP,BC,0.04820780554442203,-0.18411363925546675,0.22431872446128315,0.031858550725424616,0.0431751756818691,-2.7048997601721387,0.0068325003708034375,entropy,realignment,0.9819999799999999,2.7048997601721387
0,avatarRT_sub_16,IM,BC,0.025383742388449555,-0.07401491688969944,1.1331122075183488e-96,-0.023407145755514627,5.56135149948522e-98,-8.378722230657619,5.350538004286284e-17,variance,subselection,0.99999998,8.378722230657619
1,avatarRT_sub_16,IM,BC,0.013468012204980504,-0.08151441348386435,1.7556987705883804,0.26988064552496305,0.2736179010867346,1.6820545894143413,0.09255825488430644,entropy,subselection,0.9160000199999999,1.6820545894143413
2,avatarRT_sub_16,IM,BC,0.0024492535415573946,-0.07401491688969944,2.650152410521634,0.13808867491930488,0.1415656335230085,2.1163971672843513,0.03431104279951487,variance,realignment,0.9520000199999998,2.1163971672843513
3,avatarRT_sub_16,IM,BC,0.011816450081787605,-0.08151441348386435,3.824727354425106,0.7926232843044585,0.793819845530639,0.7812699862495659,0.434643718813975,entropy,realignment,0.56400002,0.7812699862495659
0,avatarRT_sub_16,WMP,BC,0.003025348769104931,-0.03622050796650067,9.723477505787188e-05,-0.01775880581474129,3.687541309177198e-06,-3.7378040207251213,0.000185634553450936,variance,subselection,0.99999998,3.7378040207251213
1,avatarRT_sub_16,WMP,BC,0.0015527500550863503,-0.08895081261732729,9.956541681646033,0.9975424807929356,0.9975756517667308,0.10934056401273334,0.9129323740183887,entropy,subselection,0.05000001999999995,0.10934056401273334
2,avatarRT_sub_16,WMP,BC,0.006436232862837469,-0.03622050796650067,3.847930059312334e-08,-0.027340621376804104,1.7580999412678093e-09,4.348821159369233,1.3687126893227784e-05,variance,realignment,1.0000000199999999,4.348821159369233
3,avatarRT_sub_16,WMP,BC,0.025721822050176365,-0.08895081261732729,1.2153554456681925,0.2452716879410429,0.25449371030250323,1.704529826230701,0.08828214875402703,entropy,realignment,0.9360000199999999,1.704529826230701
0,avatarRT_sub_17,IM,BC,0.04192930531314728,-0.08411820715643634,2.9120320948970727e-140,-0.006344829769763582,1.683296268256891e-141,-9.270522905616028,1.852355517223431e-20,variance,subselection,0.99999998,9.270522905616028
1,avatarRT_sub_17,IM,BC,0.003777384687436865,-0.2487238498357489,5.931457827640288,0.7842436938195765,0.7851746763037633,-0.5503456468229114,0.5820823212067878,entropy,subselection,0.43199998,0.5503456468229114
2,avatarRT_sub_17,IM,BC,0.0007660098986109054,-0.08411820715643634,13.813434996880543,0.7421222490134755,0.7444037998437097,-0.8479975164122272,0.3964393538798697,variance,realignment,0.60599998,0.8479975164122272
3,avatarRT_sub_17,IM,BC,0.014916266586422982,-0.2487238498357489,2.3356186512204795,0.5021291015842743,0.5099707265413224,-0.9946318498956062,0.31991535104853286,entropy,realignment,0.6879999800000001,0.9946318498956062
0,avatarRT_sub_17,WMP,BC,0.00125054658238364,-0.008139894450731877,6.615540538272247,0.32283394588677417,0.3333891832012115,-1.551592658380666,0.12075972093165493,variance,subselection,0.88999998,1.551592658380666
1,avatarRT_sub_17,WMP,BC,0.013696889660636287,0.06899395060865476,0.3011206088650992,0.02863804214983584,0.032537353710399404,2.47001048994067,0.013510909014834574,entropy,subselection,0.9980000200000001,2.47001048994067
2,avatarRT_sub_17,WMP,BC,0.0006059606133228078,-0.008139894450731877,14.059686535779733,0.7676618556824699,0.7694252841266435,0.7160756332086935,0.47394464868716535,variance,realignment,0.47400002,0.7160756332086935
3,avatarRT_sub_17,WMP,BC,0.026720052936178226,0.06899395060865476,1.1299015880151508,0.2484657315005723,0.25175619003004696,-1.7077363704155548,0.08768527032888301,entropy,realignment,0.8819999799999999,1.7077363704155548
0,avatarRT_sub_18,IM,BC,0.0018808227803923233,0.014801827175476595,0.4772869919271657,0.012903009597787502,0.017493712245400347,-2.793010748621626,0.005221995673101441,variance,subselection,0.99399998,2.793010748621626
1,avatarRT_sub_18,IM,BC,0.009562401333648782,0.011568060402756153,1.8846608517183645,0.24510788810444828,0.24846959565306817,1.747291752162264,0.08058674304803101,entropy,subselection,0.9200000199999999,1.747291752162264
2,avatarRT_sub_18,IM,BC,0.0005633195857740947,0.014801827175476595,15.167819418227666,0.6892317067424607,0.6937148177066504,0.7657300144784396,0.44383696412010276,variance,realignment,0.5600000199999999,0.7657300144784396
3,avatarRT_sub_18,IM,BC,0.003354485104186986,0.011568060402756153,6.823690784756621,0.9999360962371815,0.9999364262370735,0.13762512047247794,0.8905367011775029,entropy,realignment,0.06000001999999995,0.13762512047247794
0,avatarRT_sub_18,WMP,BC,0.0015149432348175705,-0.021798137049083288,1.349577824949124,0.04258628599032479,0.04850290489082405,-2.4589274932995253,0.013935275862249253,variance,subselection,0.9819999799999999,2.4589274932995253
1,avatarRT_sub_18,WMP,BC,0.005560317174373233,0.0057120889474204795,3.1939026012778187,0.32007446318508664,0.325890625203348,1.5585814760600787,0.11909547015555944,entropy,subselection,0.9020000199999998,1.5585814760600787
2,avatarRT_sub_18,WMP,BC,0.00046090722965782085,-0.021798137049083288,17.98198202424657,0.9696052747059897,0.9698427964407381,-0.0615197874101347,0.950945256177454,variance,realignment,0.047999980000000025,0.0615197874101347
3,avatarRT_sub_18,WMP,BC,0.006765595937416352,0.0057120889474204795,4.991942499938344,0.9208149428878137,0.9212620509085898,0.5932024503401627,0.5530456729720585,entropy,realignment,0.42800002000000004,0.5932024503401627
0,avatarRT_sub_19,IM,BC,0.011227935505033083,-0.009929236382755141,2.678668005383662e-26,-0.004083905846521063,1.1355608945988687e-27,-6.168915181301091,6.876009770042658e-10,variance,subselection,0.99999998,6.168915181301091
1,avatarRT_sub_19,IM,BC,0.009242223535769506,-0.09375540604650467,1.865525510902293,0.24232613402798803,0.24570874736542203,1.7150806876813687,0.08633043453871517,entropy,subselection,0.9160000199999999,1.7150806876813687
2,avatarRT_sub_19,IM,BC,0.004111238390511629,-0.009929236382755141,0.11939212433221902,-0.013328070622805714,0.005753791974336124,3.204188987415206,0.0013544353787442356,variance,realignment,1.0000000199999999,3.204188987415206
3,avatarRT_sub_19,IM,BC,0.017118610816376247,-0.09375540604650467,2.570537270111618,0.5369696343249892,0.5408251373794092,1.209723228978489,0.22638511333385902,entropy,realignment,0.8000000199999999,1.209723228978489
0,avatarRT_sub_19,WMP,BC,0.0004722393145156446,0.027405257676245437,16.20784739195482,0.6981707059208893,0.7000826634452426,0.819039780964721,0.4127637173220684,variance,subselection,0.6080000200000001,0.819039780964721
1,avatarRT_sub_19,WMP,BC,0.05700938094417967,0.15684090697672426,1.0930803686627486e-10,-0.007170292356901335,1.1452279424566276e-11,5.0869649650696624,3.6383901376434287e-07,entropy,subselection,1.0000000199999999,5.0869649650696624
2,avatarRT_sub_19,WMP,BC,0.006842066324430981,0.027405257676245437,0.010883018474608944,-0.007296721987831351,0.000565821964142697,3.884635809239823,0.00010248339393000183,variance,realignment,1.0000000199999999,3.884635809239823
3,avatarRT_sub_19,WMP,BC,0.029090290139643517,0.15684090697672426,1.0948831560249295,0.21966782485566244,0.23251577768957574,1.7907634747321157,0.07333125887368534,entropy,realignment,0.9580000200000001,1.7907634747321157
0,avatarRT_sub_21,IM,BC,0.005262193547690144,-0.008457723001935008,2.417520860529847e-10,-0.010508681922364945,9.399700110670831e-12,-4.781871295239813,1.7367086478442104e-06,variance,subselection,0.99999998,4.781871295239813
1,avatarRT_sub_21,IM,BC,0.0908494440435093,0.12309467769208249,3.2247328619449753e-10,-0.00465852978333389,5.0450767387965234e-11,4.563112184318605,5.040086554481098e-06,entropy,subselection,1.0000000199999999,4.563112184318605
2,avatarRT_sub_21,IM,BC,0.002076704676841346,-0.008457723001935008,1.9293592894159426,0.08644250374888407,0.09283097255119979,-2.162686497879152,0.030565300290541973,variance,realignment,0.97199998,2.162686497879152
3,avatarRT_sub_21,IM,BC,0.002307336322844155,0.12309467769208249,8.399780668656735,0.8814666551721918,0.8819384577059803,0.5543939793534887,0.5793092455680552,entropy,realignment,0.42000002,0.5543939793534887
0,avatarRT_sub_21,WMP,BC,0.014992353934945656,-0.07739669413448523,1.4218545615712489e-81,-0.004184262600030457,5.5104443766443575e-83,-8.228971757796172,1.8882728854739932e-16,variance,subselection,0.99999998,8.228971757796172
1,avatarRT_sub_21,WMP,BC,0.0016731748608813134,-0.10831904960901317,9.488973720021386,0.9999897263489028,0.999989768439851,0.05259990503863426,0.9580506926357537,entropy,subselection,0.04000001999999995,0.05259990503863426
2,avatarRT_sub_21,WMP,BC,0.00043738313342898207,-0.07739669413448523,19.36257596786271,0.9994903751184605,0.9994936825248781,-0.26446002966761023,0.7914254603936096,variance,realignment,0.17599998,0.26446002966761023
3,avatarRT_sub_21,WMP,BC,0.007526210251902508,-0.10831904960901317,4.687062649916816,0.9572043306245696,0.9580449383475881,0.3835318691373583,0.7013254452745357,entropy,realignment,0.27000001999999995,0.3835318691373583
0,avatarRT_sub_22,IM,BC,0.00017309616627851998,0.03237025743039959,25.80302004595412,0.6188413520359018,0.6224256510332451,-0.8903139877575142,0.3732973123974268,variance,subselection,0.60399998,0.8903139877575142
1,avatarRT_sub_22,IM,BC,0.007449249165372396,0.0024433015462173024,3.6889004434292114,0.5352213021229739,0.5372515255560221,1.269942064372449,0.20410526802423856,entropy,subselection,0.8200000199999999,1.269942064372449
2,avatarRT_sub_22,IM,BC,0.0022469039971906458,0.03237025743039959,0.2858817879138296,0.005486464444109152,0.011226602703007064,2.979534321327566,0.0028868688731760487,variance,realignment,0.9960000199999999,2.979534321327566
3,avatarRT_sub_22,IM,BC,0.013441473163165515,0.0024433015462173024,3.901413492105782,0.8954581197412238,0.8959081999569988,0.7394193772067474,0.45965237947417104,entropy,realignment,0.50400002,0.7394193772067474
0,avatarRT_sub_22,WMP,BC,0.0022523908201177874,-0.009313736005261641,0.0010393946235476802,-0.015384209422433195,3.294802699181813e-05,-3.8095354757119892,0.0001392281292883725,variance,subselection,0.99999998,3.8095354757119892
1,avatarRT_sub_22,WMP,BC,0.007932813229564437,-0.013261973113959602,2.7506016481476316,0.3913700822235096,0.3949769813937678,1.110130882005012,0.2669426313898495,entropy,subselection,0.73000002,1.110130882005012
2,avatarRT_sub_22,WMP,BC,0.0007854891074674604,-0.009313736005261641,12.125413013029359,0.5917542369208143,0.5958293518876535,-1.0861492391355387,0.2774129708037192,variance,realignment,0.7199999800000001,1.0861492391355387
3,avatarRT_sub_22,WMP,BC,0.005461979044634041,-0.013261973113959602,4.312216437438768,0.6032503939388097,0.6098937020242865,-0.8705263261365761,0.38401283869307357,entropy,realignment,0.61999998,0.8705263261365761
0,avatarRT_sub_23,IM,BC,0.01030634096520282,0.0021564246496310613,2.459624030885083e-13,-0.0042919963056240245,1.2724704941651294e-14,-5.1291694586085885,2.9102328320338666e-07,variance,subselection,0.99999998,5.1291694586085885
1,avatarRT_sub_23,IM,BC,0.05660363411406283,0.0562310718761978,1.0953304587426468e-09,-0.007807027815719304,1.4540495363026217e-10,4.258122517933886,2.0615096318148974e-05,entropy,subselection,1.0000000199999999,4.258122517933886
2,avatarRT_sub_23,IM,BC,0.000615720971911194,0.0021564246496310613,14.315640125655365,0.6947909648434242,0.696720680573343,0.8319938791835885,0.4054123994114367,variance,realignment,0.6120000199999999,0.8319938791835885
3,avatarRT_sub_23,IM,BC,0.012217076241023037,0.0562310718761978,2.0646025461709336,0.32762132661376175,0.3331807171078478,1.568005875789759,0.1168797610850047,entropy,realignment,0.90800002,1.568005875789759
0,avatarRT_sub_23,WMP,BC,0.00014372222167828737,0.023713672970313585,32.193453011710915,0.8240770002630572,0.826150411883055,-0.7311820623394802,0.46466795512011727,variance,subselection,0.51599998,0.7311820623394802
1,avatarRT_sub_23,WMP,BC,0.02048563289006178,0.13486771691518795,0.15627476385895436,0.008886027264604537,0.019671779023755175,2.9086350093754048,0.003630103969806586,entropy,subselection,0.9980000200000001,2.9086350093754048
2,avatarRT_sub_23,WMP,BC,0.0003997213124244262,0.023713672970313585,15.9700558961757,0.5937731106216354,0.5968138163795623,0.8213083336862005,0.41147066198597315,variance,realignment,0.5920000199999998,0.8213083336862005
3,avatarRT_sub_23,WMP,BC,0.006984726097499085,0.13486771691518795,4.884419073409961,0.95144343260899,0.9517221403717439,-0.0587370212743105,0.9531615715153401,entropy,realignment,0.10999998000000005,0.0587370212743105
0,avatarRT_sub_24,IM,BC,0.0002689620115885713,0.050764706798071824,16.779037130592517,0.40603302228406385,0.4103237413197067,1.326888157466514,0.1845456823831524,variance,subselection,0.8060000199999999,1.326888157466514
1,avatarRT_sub_24,IM,BC,0.029825426552612562,0.09092921353128514,0.7860567729684269,0.10946339330051522,0.13105651791859566,2.1743337223877788,0.029680081604880847,entropy,subselection,0.9540000200000001,2.1743337223877788
2,avatarRT_sub_24,IM,BC,0.0012723935135605818,0.050764706798071824,5.031433616475085,0.20873831286365074,0.21878329012015066,1.843204932145813,0.06529909505905411,variance,realignment,0.90800002,1.843204932145813
3,avatarRT_sub_24,IM,BC,0.0053352760777511605,0.09092921353128514,5.42175575707879,0.9785413550869482,0.9788197060886795,0.06079262086109107,0.9515243671530444,entropy,realignment,0.015999979999999994,0.06079262086109107
0,avatarRT_sub_24,WMP,BC,0.0013814985089928645,-0.013288076875184018,7.533548067963624,0.44346824143264707,0.44795232455693923,-1.2385481034284254,0.2155128972709498,variance,subselection,0.80599998,1.2385481034284254
1,avatarRT_sub_24,WMP,BC,0.08548374995998637,0.1292768749287605,7.743006117610221e-23,-0.0038036572218269104,1.1044756148763197e-23,4.789445389484697,1.6724290396432274e-06,entropy,subselection,1.0000000199999999,4.789445389484697
2,avatarRT_sub_24,WMP,BC,0.0028338797267433886,-0.013288076875184018,3.14401442966352,0.22002231915417794,0.22355830647341857,1.733345033321133,0.08303436104881026,variance,realignment,0.9200000199999999,1.733345033321133
3,avatarRT_sub_24,WMP,BC,0.05482264448356058,0.1292768749287605,0.24562742717693298,0.04863931801908925,0.05743300847395753,2.3502287964327273,0.018761874493987734,entropy,realignment,0.9920000199999999,2.3502287964327273
0,avatarRT_sub_25,IM,BC,0.0006702881415021202,0.05759105097574793,13.416731043768324,0.6438087512529647,0.6456052998639787,-0.970059416942844,0.3320168762901654,variance,subselection,0.65999998,0.970059416942844
1,avatarRT_sub_25,IM,BC,0.051307415184569785,0.07337253961229173,4.8014116708200046e-24,-0.018816740494299634,5.270757509048366e-25,5.208042724862739,1.9084298821444e-07,entropy,subselection,1.0000000199999999,5.208042724862739
2,avatarRT_sub_25,IM,BC,0.007207239056656816,0.05759105097574793,1.3821577833523056e-20,-0.005935516384947235,5.12755354234916e-22,5.623361301895997,1.8727713638653682e-08,variance,realignment,1.0000000199999999,5.623361301895997
3,avatarRT_sub_25,IM,BC,0.005443208614306235,0.07337253961229173,2.3032061944297064,0.19791731189106732,0.20389928627083403,1.9006083594762324,0.05735332975427447,entropy,realignment,0.9580000200000001,1.9006083594762324
0,avatarRT_sub_25,WMP,BC,0.007430011290355086,-0.04177317427104758,1.0302675153848318e-67,-0.011297901563078269,2.994889455670355e-69,-7.518771562970402,5.529329754955892e-14,variance,subselection,0.99999998,7.518771562970402
1,avatarRT_sub_25,WMP,BC,0.014898620079993314,-0.02481228805746305,1.089853193196852,0.13094054027123642,0.14322322776919086,2.0359196069908236,0.04175842862993915,entropy,subselection,0.9660000199999998,2.0359196069908236
2,avatarRT_sub_25,WMP,BC,0.0005216571691257634,-0.04177317427104758,13.983709049294237,0.5328599900833313,0.5372654877157804,-1.1203757918573927,0.2625536564839275,variance,realignment,0.76599998,1.1203757918573927
3,avatarRT_sub_25,WMP,BC,0.0158295288108626,-0.02481228805746305,3.164509444824558,0.7157755920101443,0.7169097939159839,0.9369204845254794,0.34879946131314854,entropy,realignment,0.66800002,0.9369204845254794
0,avatarRT_sub_05,IM,0.2,0.0009039313839042397,-0.0037972256627950285,3.231014719872726,0.09202102361080096,0.10344439889984879,-2.175113271547578,0.02962162916968292,variance,subselection,0.97599998,2.175113271547578
1,avatarRT_sub_05,IM,0.2,0.002069640494834391,-0.0948110414856056,8.494468972123007,0.9733964764161339,0.973595244954702,0.1681680982539885,0.8664510373963927,entropy,subselection,0.13000001999999994,0.1681680982539885
2,avatarRT_sub_05,IM,0.2,0.0005295590408158586,-0.0037972256627950285,15.867290575387889,0.636349184337917,0.637952967952704,-1.112391987479192,0.26596964817631286,variance,realignment,0.7419999799999999,1.112391987479192
3,avatarRT_sub_05,IM,0.2,0.015501165451095015,-0.0948110414856056,0.13213443713422038,0.009407888608394317,0.013847402227573273,-2.863733487412663,0.004186801181805846,entropy,realignment,0.99399998,2.863733487412663
0,avatarRT_sub_05,WMP,0.2,0.0002834036700875572,0.012133764252580836,18.437000128024806,0.5112529125084893,0.5133959484865585,-1.0780901529501663,0.2809935256212488,variance,subselection,0.71599998,1.0780901529501663
1,avatarRT_sub_05,WMP,0.2,0.0087086302935162,0.02525556334335821,0.8451301913720739,0.07494823731503009,0.07824350278456402,1.748089419658438,0.08044854478414318,entropy,subselection,0.8720000199999999,1.748089419658438
2,avatarRT_sub_05,WMP,0.2,0.00045072062212892595,0.012133764252580836,17.253368914028865,0.8291417687915144,0.8329356116960358,-0.5351443637967628,0.5925500347449504,variance,realignment,0.38999997999999997,0.5351443637967628
3,avatarRT_sub_05,WMP,0.2,0.002991343060933392,0.02525556334335821,6.515028745768067,0.8152911383520949,0.816929847771419,-0.5038602515665914,0.6143595842058188,entropy,realignment,0.40599998,0.5038602515665914
0,avatarRT_sub_06,IM,0.2,0.0021807121012511104,0.06669892605976593,1.2376762637816905,0.0387867119200493,0.05336208359887276,2.600384236059717,0.0093119431267224,variance,subselection,0.98400002,2.600384236059717
1,avatarRT_sub_06,IM,0.2,0.042695826626554814,0.05337410082135463,0.00747708859772437,-0.01095300871063561,0.0011919401908372406,3.15220627813172,0.001620417558809029,entropy,subselection,1.0000000199999999,3.15220627813172
2,avatarRT_sub_06,IM,0.2,0.010140580837959025,0.06669892605976593,5.964665525877993e-19,-0.005932140912806774,2.59719626756138e-20,5.880406326172593,4.092605687976886e-09,variance,realignment,1.0000000199999999,5.880406326172593
3,avatarRT_sub_06,IM,0.2,0.022207701752095417,0.05337410082135463,1.812217990378319,0.3903861361259885,0.3946720787852891,1.4140721985213174,0.15734070506885,entropy,realignment,0.86400002,1.4140721985213174
0,avatarRT_sub_06,WMP,0.2,0.011564527996393322,-0.08501666703625181,3.6937944889363267e-175,-0.004085195283386402,9.172727960699285e-177,-10.749259397940186,5.9739341345766304e-27,variance,subselection,0.99999998,10.749259397940186
1,avatarRT_sub_06,WMP,0.2,0.10803071433010561,-0.42620234932651835,8.297931683577813e-142,-0.007264963526668078,7.31714754431418e-143,-9.402879184366233,5.3090029732231206e-21,entropy,subselection,0.99999998,9.402879184366233
2,avatarRT_sub_06,WMP,0.2,0.008341718759681753,-0.08501666703625181,2.1818365707491839e-103,-0.004484849955116183,6.445516739139317e-105,-8.249180603745346,1.5948425563895414e-16,variance,realignment,0.99999998,8.249180603745346
3,avatarRT_sub_06,WMP,0.2,0.1653494349623074,-0.42620234932651835,0.0,-0.0074946084378787236,0.0,-13.220022976125476,6.724340406398456e-40,entropy,realignment,0.99999998,13.220022976125476
0,avatarRT_sub_07,IM,0.2,0.002735851059062408,-0.0216553148531905,0.006585074135173236,-0.018836710454060393,0.00024781429521285585,-3.520029685838639,0.00043149850099290287,variance,subselection,0.99999998,3.520029685838639
1,avatarRT_sub_07,IM,0.2,0.00439484476569651,-0.04641222330514738,5.130676581117973,0.6912951310504349,0.6940745797357819,0.7398477151849085,0.4593924026978661,entropy,subselection,0.5220000199999998,0.7398477151849085
2,avatarRT_sub_07,IM,0.2,0.0006159783933844374,-0.0216553148531905,13.565536109055556,0.5481603679533108,0.5553575605963393,-1.1089792764213258,0.2674391221287695,variance,realignment,0.74799998,1.1089792764213258
3,avatarRT_sub_07,IM,0.2,0.007103374124779224,-0.04641222330514738,1.9097005590735845,0.1932851955430299,0.19873966731806145,-1.7361227828433656,0.08254212676887895,entropy,realignment,0.90599998,1.7361227828433656
0,avatarRT_sub_07,WMP,0.2,0.006253864741227598,-0.03588406384362544,0.0005016203205217257,-0.004035472434433686,2.650733559108822e-05,-3.680351793324798,0.00023291240122522714,variance,subselection,0.99999998,3.680351793324798
1,avatarRT_sub_07,WMP,0.2,0.029444226111619787,0.04007754517489737,1.32446395344614e-05,-0.004238040555643277,1.5545437574180323e-06,3.7569645218330128,0.0001719868683489568,entropy,subselection,1.0000000199999999,3.7569645218330128
2,avatarRT_sub_07,WMP,0.2,0.009859428780564812,-0.03588406384362544,0.00398300738507858,-0.016481057692087207,0.0002554869851788066,3.9118757577039083,9.158202580194111e-05,variance,realignment,1.0000000199999999,3.9118757577039083
3,avatarRT_sub_07,WMP,0.2,0.08288763545323344,0.04007754517489737,0.04419630610709578,0.007963430943207192,0.01202428456294624,2.5136816888757623,0.011947821745358354,entropy,realignment,1.0000000199999999,2.5136816888757623
0,avatarRT_sub_08,IM,0.2,0.005045286257926613,-0.0427633548423154,4.4702103378540365e-12,-0.0044516614490624435,1.5177014313773102e-13,-5.017862411358783,5.224957392015266e-07,variance,subselection,0.99999998,5.017862411358783
1,avatarRT_sub_08,IM,0.2,0.002089956994737605,-0.03422307639492539,9.065692613995282,0.9680933319703177,0.9686219902064557,0.3207549221925638,0.7483961226143888,entropy,subselection,0.22200001999999996,0.3207549221925638
2,avatarRT_sub_08,IM,0.2,0.0006436210089966785,-0.0427633548423154,14.394325242584069,0.8099747110375297,0.8107714590606236,-0.6443728320702367,0.5193336973992919,variance,realignment,0.47599998,0.6443728320702367
3,avatarRT_sub_08,IM,0.2,0.011720075647533842,-0.03422307639492539,4.2894669995630315,0.9281913775228205,0.928596036769944,0.7232645735194938,0.4695173533796059,entropy,realignment,0.5200000199999999,0.7232645735194938
0,avatarRT_sub_08,WMP,0.2,0.0018991920001007218,-0.013668952554174024,0.6435563694417892,0.013063066392890371,0.02248419494256585,-3.0121520689417656,0.0025940261346573835,variance,subselection,0.99599998,3.0121520689417656
1,avatarRT_sub_08,WMP,0.2,0.0034214142453131203,-0.028580387464514967,6.606990693920267,0.8561234239210436,0.8567024030763424,0.5542082647342207,0.5794363227927167,entropy,subselection,0.45000001999999995,0.5542082647342207
2,avatarRT_sub_08,WMP,0.2,0.00036979604375932763,-0.013668952554174024,20.607327426713187,0.9842541498800916,0.9845015028526818,-0.21407115867971258,0.8304915664855228,variance,realignment,0.15399998000000012,0.21407115867971258
3,avatarRT_sub_08,WMP,0.2,0.006458898126854017,-0.028580387464514967,4.18305922836704,0.5859588071978789,0.5881134003030682,-1.065218848751061,0.28677690593011396,entropy,realignment,0.7099999800000001,1.065218848751061
0,avatarRT_sub_10,IM,0.2,0.002862580785662942,-0.028793390465271324,0.06308489767873529,-0.0017715791733699884,0.00217213124295499,-3.7212770372453163,0.0001982178337204604,variance,subselection,0.99799998,3.7212770372453163
1,avatarRT_sub_10,IM,0.2,0.003029081186690462,-0.11235396564641187,7.238556948126261,0.9962202050578369,0.9962396356423745,0.1211036053117987,0.9036089735709073,entropy,subselection,0.07200001999999998,0.1211036053117987
2,avatarRT_sub_10,IM,0.2,0.0010981067254193712,-0.028793390465271324,3.0871302685591266,0.10574756843188092,0.11745885361501368,-2.12029023545712,0.03398157662549921,variance,realignment,0.9699999800000001,2.12029023545712
3,avatarRT_sub_10,IM,0.2,0.017067299881682513,-0.11235396564641187,0.35289053997265285,0.02131549689735122,0.04293910824082445,-2.688899409788136,0.007168801769417737,entropy,realignment,0.98999998,2.688899409788136
0,avatarRT_sub_10,WMP,0.2,0.001758506032020937,0.0034981627310548824,2.3891165569036747,0.093470200846445,0.10428795093895653,-2.0902209769951052,0.03659795402376459,variance,subselection,0.97199998,2.0902209769951052
1,avatarRT_sub_10,WMP,0.2,0.005515308653647085,-0.02849229335033776,2.7227708061837523,0.268024793174339,0.28211755598316673,1.620654523560909,0.10509175181956826,entropy,subselection,0.90400002,1.620654523560909
2,avatarRT_sub_10,WMP,0.2,0.017293423361534443,0.0034981627310548824,1.2601941465062836e-44,-0.022857004479021923,6.4338798432306004e-46,6.560888223648532,5.348820521947586e-11,variance,realignment,1.0000000199999999,6.560888223648532
3,avatarRT_sub_10,WMP,0.2,0.0540748655551955,-0.02849229335033776,0.01675284482340293,-0.013931605087114173,0.0032325390944806407,2.747153914962261,0.006011491597782876,entropy,realignment,1.0000000199999999,2.747153914962261
0,avatarRT_sub_11,IM,0.2,0.001991663390016797,0.05949057027089906,3.3105041174517147e-10,-0.007139956597060523,8.051392036757184e-12,4.698420199975263,2.621815903391631e-06,variance,subselection,1.0000000199999999,4.698420199975263
1,avatarRT_sub_11,IM,0.2,0.040315140417248645,0.14533609843897688,0.0006518611787947226,-0.0039052076807151326,7.075397013031083e-05,4.3222952937435215,1.5441432950936116e-05,entropy,subselection,1.0000000199999999,4.3222952937435215
2,avatarRT_sub_11,IM,0.2,0.003094111071788533,0.05949057027089906,0.39391173628832743,0.007996477432061675,0.016663248249457238,3.060752847508254,0.0022078125746190823,variance,realignment,0.9960000199999999,3.060752847508254
3,avatarRT_sub_11,IM,0.2,0.025519841744784968,0.14533609843897688,1.3674032786984784,0.2751951733818234,0.2793109449166529,1.6025698079992814,0.10902966394198019,entropy,realignment,0.9260000199999999,1.6025698079992814
0,avatarRT_sub_11,WMP,0.2,0.0004325718460377237,0.0032685516564457673,10.455207633454995,0.28596975628271876,0.29602423803354483,-1.4781538074473863,0.13936661463914196,variance,subselection,0.86599998,1.4781538074473863
1,avatarRT_sub_11,WMP,0.2,0.024068231692463186,0.11656118894089662,0.17516132646523092,0.014135749369021643,0.02273544652811374,2.868283349315797,0.004127057412662705,entropy,subselection,0.9920000199999999,2.868283349315797
2,avatarRT_sub_11,WMP,0.2,0.0004261424196759971,0.0032685516564457673,18.79545727226547,0.9808950859192067,0.9811174051162341,0.08696582753062611,0.9306986748426829,variance,realignment,0.09200001999999997,0.08696582753062611
3,avatarRT_sub_11,WMP,0.2,0.008392677900711501,0.11656118894089662,4.526264603629029,0.9155594294152996,0.9158857621250622,0.41682226057654714,0.6768084188061728,entropy,realignment,0.3000000199999999,0.41682226057654714
0,avatarRT_sub_13,IM,0.2,0.0019839977285379925,-0.020173254957215447,0.2518874699079715,-0.0008314620515988451,0.008619971939034115,-3.113658123372395,0.001847834656573069,variance,subselection,0.99999998,3.113658123372395
1,avatarRT_sub_13,IM,0.2,0.0050200490988655845,-0.0068493958748767625,4.572681844276876,0.514816081411641,0.5175477910085925,1.1517142489063246,0.24943851506628634,entropy,subselection,0.76400002,1.1517142489063246
2,avatarRT_sub_13,IM,0.2,0.0006606570760057667,-0.020173254957215447,15.90450073749899,0.8713717482857138,0.8723798227372622,-0.7392666241846041,0.4597451117876761,variance,realignment,0.54199998,0.7392666241846041
3,avatarRT_sub_13,IM,0.2,0.009316123353813098,-0.0068493958748767625,3.7007563830679104,0.8000888990794174,0.8025932948027971,-0.5824474359252921,0.5602653376927145,entropy,realignment,0.47599998,0.5824474359252921
0,avatarRT_sub_13,WMP,0.2,0.013489203062174472,0.12410594465700764,0.0,-0.0042143305143875764,0.0,14.562736116001076,4.847797885915871e-48,variance,subselection,1.0000000199999999,14.562736116001076
1,avatarRT_sub_13,WMP,0.2,0.4762655738698237,0.7534722423525104,2.2752724490407934e-53,-0.004059265794231528,4.46959376990064e-54,7.973283291833533,1.545134356936584e-15,entropy,subselection,1.0000000199999999,7.973283291833533
2,avatarRT_sub_13,WMP,0.2,0.0021136366928082356,0.12410594465700764,2.518530003322478,0.13188863983038485,0.1403608962007044,2.02853479997056,0.042505695307542064,variance,realignment,0.9460000199999999,2.02853479997056
3,avatarRT_sub_13,WMP,0.2,0.006753999426617332,0.7534722423525104,4.636900277993453,0.9994798710244999,0.9994834490527924,0.0877924422356641,0.9300416447936294,entropy,realignment,0.034000020000000006,0.0877924422356641
0,avatarRT_sub_14,IM,0.2,0.00018523530500103537,0.011846829656188329,30.744075899417233,0.8067022818668811,0.8078545999931139,-0.827905822176084,0.4077238374335227,variance,subselection,0.58799998,0.827905822176084
1,avatarRT_sub_14,IM,0.2,0.006029681363834422,0.013865287758525469,3.6041425667319698,0.5098461488371119,0.5117209431717361,0.7543910661383783,0.45061443446963223,entropy,subselection,0.5820000199999998,0.7543910661383783
2,avatarRT_sub_14,IM,0.2,0.0006629966918618156,0.011846829656188329,13.957748049655214,0.7623567030864086,0.7633448143226804,0.705311370047364,0.48061648620676356,variance,realignment,0.5320000199999998,0.705311370047364
3,avatarRT_sub_14,IM,0.2,0.00979078960083991,0.013865287758525469,4.222176933127626,0.908670958592942,0.90903377968383,0.5682030929617352,0.5698970715242023,entropy,realignment,0.41200001999999986,0.5682030929617352
0,avatarRT_sub_14,WMP,0.2,0.015115643459570836,-0.08639695031586364,1.9000504604382025e-72,-0.011823138986576899,7.295540968825621e-74,-7.507899684209237,6.008351718265832e-14,variance,subselection,0.99999998,7.507899684209237
1,avatarRT_sub_14,WMP,0.2,0.0038892153073162685,-0.1715940846073578,4.002495377958338,0.38426146881151413,0.3889442309237231,-1.3053716992107034,0.19176631030729785,entropy,subselection,0.7959999799999999,1.3053716992107034
2,avatarRT_sub_14,WMP,0.2,0.006852646009426413,-0.08639695031586364,8.996220285183982e-16,-0.004132499129550168,3.426068041322234e-17,-5.423308808286676,5.850578859355939e-08,variance,realignment,0.99999998,5.423308808286676
3,avatarRT_sub_14,WMP,0.2,0.03683108786972207,-0.1715940846073578,3.1655185664445434e-41,-0.008211080733838989,2.1250135850211196e-42,-6.865768682239922,6.61341633293257e-12,entropy,realignment,0.99999998,6.865768682239922
0,avatarRT_sub_15,IM,0.2,0.013870277457819213,-0.09023928551924315,4.379071063306233e-154,-0.00402586502095648,1.2777379835300193e-155,-9.547822759048548,1.3245050418156896e-21,variance,subselection,0.99999998,9.547822759048548
1,avatarRT_sub_15,IM,0.2,0.03515718564869246,-0.2608119985972239,3.587578023491145e-06,-0.004319467481373128,3.5066453376966953e-07,-4.968924462618691,6.732528861353038e-07,entropy,subselection,0.99999998,4.968924462618691
2,avatarRT_sub_15,IM,0.2,0.008303857000007697,-0.09023928551924315,4.408331057542712e-37,-0.008000163963157638,1.7810166131012677e-38,-5.882131051936277,4.050174400115404e-09,variance,realignment,0.99999998,5.882131051936277
3,avatarRT_sub_15,IM,0.2,0.05467256723246345,-0.2608119985972239,1.229000294986829e-29,-0.01069589157419223,1.3072888316639236e-30,-5.9098475183886405,3.4242455118395604e-09,entropy,realignment,0.99999998,5.9098475183886405
0,avatarRT_sub_15,WMP,0.2,0.005299191037662311,-0.051370397405626406,4.860741588665685e-59,-0.0040868334201744645,1.2957894928592252e-60,-6.929793863050546,4.214542857307089e-12,variance,subselection,0.99999998,6.929793863050546
1,avatarRT_sub_15,WMP,0.2,0.02865484157830578,-0.18411363925546675,0.2780436298798272,0.03685032036075677,0.04219125869776263,-2.181755239758539,0.029127601639356644,entropy,subselection,0.99399998,2.181755239758539
2,avatarRT_sub_15,WMP,0.2,0.0029593613049194163,-0.051370397405626406,0.4846760337203548,0.015620579852510644,0.024346508731128303,-2.6771329220786386,0.007425516963691934,variance,realignment,0.99999998,2.6771329220786386
3,avatarRT_sub_15,WMP,0.2,0.04861936957420234,-0.18411363925546675,0.3943003859471306,0.07245300250691579,0.08230401410288816,-2.658055442406133,0.007859296261528623,entropy,realignment,0.9819999799999999,2.658055442406133
0,avatarRT_sub_16,IM,0.2,0.013047537905918723,-0.07401491688969944,1.996644906896869e-43,-0.010851357575003507,7.971621320891093e-45,-6.725975282262584,1.7442017367355306e-11,variance,subselection,0.99999998,6.725975282262584
1,avatarRT_sub_16,IM,0.2,0.002879140269295161,-0.08151441348386435,7.428019899350983,0.9553240097842921,0.9559760573211035,0.24432135854281656,0.8069819428978571,entropy,subselection,0.19800001999999992,0.24432135854281656
2,avatarRT_sub_16,IM,0.2,0.002400909665114768,-0.07401491688969944,2.7235505808951332,0.13724452202960774,0.14278546493794328,2.149234304053008,0.03161583127050153,variance,realignment,0.9520000199999998,2.149234304053008
3,avatarRT_sub_16,IM,0.2,0.011091334759520862,-0.08151441348386435,3.8252356592990853,0.7885197028815705,0.7899750538914914,0.7773656326608914,0.4369430826903701,entropy,realignment,0.5620000199999998,0.7773656326608914
0,avatarRT_sub_16,WMP,0.2,0.00505076170720716,-0.03622050796650067,5.6814471368122455e-06,-0.008516566175432935,2.1252785312513388e-07,-4.663612052658441,3.107068763705825e-06,variance,subselection,0.99999998,4.663612052658441
1,avatarRT_sub_16,WMP,0.2,0.0027796631506239768,-0.08895081261732729,7.495472632701616,0.7978532442341687,0.7989101230663888,0.7767213644468861,0.4373231793021586,entropy,subselection,0.56400002,0.7767213644468861
2,avatarRT_sub_16,WMP,0.2,0.006437756375665391,-0.03622050796650067,4.623705384978168e-07,-0.015565294896158858,2.1586694565174067e-08,4.366017140310998,1.2653255493007573e-05,variance,realignment,1.0000000199999999,4.366017140310998
3,avatarRT_sub_16,WMP,0.2,0.025352784097892687,-0.08895081261732729,1.1262883923102562,0.21528405434148776,0.2296523858474326,1.6897286048239453,0.09107988813747533,entropy,realignment,0.93400002,1.6897286048239453
0,avatarRT_sub_17,IM,0.2,0.013688485659342962,-0.08411820715643634,6.205956109863293e-70,-0.007926045155632312,2.4703491263102694e-71,-7.3566088470366875,1.8864107082203082e-13,variance,subselection,0.99999998,7.3566088470366875
1,avatarRT_sub_17,IM,0.2,0.02718576416515819,-0.2487238498357489,0.036064823031280835,-0.0008973447356016703,0.003574250349184793,-3.9521799445736234,7.744246962411921e-05,entropy,subselection,0.99999998,3.9521799445736234
2,avatarRT_sub_17,IM,0.2,0.000763904017572467,-0.08411820715643634,13.875275523041948,0.7236501676132853,0.7256360903312175,-0.8754847786881592,0.38131018872077727,variance,realignment,0.61799998,0.8754847786881592
3,avatarRT_sub_17,IM,0.2,0.015136412508497184,-0.2487238498357489,2.437406483005868,0.5189604297916144,0.5247656590775525,-1.0405813292967534,0.2980699001953604,entropy,realignment,0.6979999800000001,1.0405813292967534
0,avatarRT_sub_17,WMP,0.2,0.0016121782183250656,-0.008139894450731877,4.265827113379982,0.21650844434455502,0.2201731678235893,-1.7899072049737417,0.07346883038510293,variance,subselection,0.94399998,1.7899072049737417
1,avatarRT_sub_17,WMP,0.2,0.013276002319039436,0.06899395060865476,0.5841592924401147,0.054748638870610086,0.05871656951693581,2.453964721605654,0.014129084205025285,entropy,subselection,0.98000002,2.453964721605654
2,avatarRT_sub_17,WMP,0.2,0.0006077804503043904,-0.008139894450731877,14.191575772565646,0.7281759082586892,0.7293680035012844,0.7490514567307929,0.4538261916927384,variance,realignment,0.54400002,0.7490514567307929
3,avatarRT_sub_17,WMP,0.2,0.0260358189574061,0.06899395060865476,1.1790747303855247,0.2424787163950506,0.24551954678642604,-1.6851230484409985,0.09196483365657249,entropy,realignment,0.88799998,1.6851230484409985
0,avatarRT_sub_18,IM,0.2,0.00024173632948361714,0.014801827175476595,24.710099054410996,0.7694042175997545,0.7708071139335793,-0.7511778984598082,0.45254559954903595,variance,subselection,0.54199998,0.7511778984598082
1,avatarRT_sub_18,IM,0.2,0.006491781562103429,0.011568060402756153,3.1586628153618204,0.35515382092494424,0.3637841895044185,1.4761211117354047,0.1399113823262594,entropy,subselection,0.85000002,1.4761211117354047
2,avatarRT_sub_18,IM,0.2,0.0005559712598040583,0.014801827175476595,15.075990300732972,0.7213656092440199,0.7249140972959299,0.7330000059370325,0.4635584257737245,variance,realignment,0.54400002,0.7330000059370325
3,avatarRT_sub_18,IM,0.2,0.0032512323272681377,0.011568060402756153,6.6297827423635445,0.9766008350566993,0.9769337445904553,0.11019697635965628,0.9122531601866373,entropy,realignment,0.07600001999999989,0.11019697635965628
0,avatarRT_sub_18,WMP,0.2,0.0027170633209967583,-0.021798137049083288,0.18903913928148003,0.002282757520075129,0.007015486562439492,-3.222307157299357,0.0012716273373725635,variance,subselection,0.99999998,3.222307157299357
1,avatarRT_sub_18,WMP,0.2,0.0068719542329706545,0.0057120889474204795,2.5231065772581402,0.268436234702316,0.2751224814931734,1.7314523291522697,0.08337112027522678,entropy,subselection,0.9400000199999999,1.7314523291522697
2,avatarRT_sub_18,WMP,0.2,0.0004713021638527861,-0.021798137049083288,16.941489630429484,0.9929666885346997,0.9930221759647723,-0.0903257055931819,0.9280283935307636,variance,realignment,0.05799998000000002,0.0903257055931819
3,avatarRT_sub_18,WMP,0.2,0.006453524551581841,0.0057120889474204795,5.10361790881966,0.9491740608966669,0.949885950822373,0.5739167632639638,0.5660241287993946,entropy,realignment,0.38800002000000006,0.5739167632639638
0,avatarRT_sub_19,IM,0.2,0.0019629312604476407,-0.009929236382755141,0.20969766237082513,0.0031033616070839216,0.007707121382089289,-3.115648047832513,0.0018354118985066809,variance,subselection,0.99799998,3.115648047832513
1,avatarRT_sub_19,IM,0.2,0.002003273975733074,-0.09375540604650467,8.362666393116,0.7884469519377545,0.7897127093721346,-0.7208521656655508,0.4710004760018327,entropy,subselection,0.53199998,0.7208521656655508
2,avatarRT_sub_19,IM,0.2,0.004143536437655052,-0.009929236382755141,0.2685162467537644,-0.007152537045065318,0.01298938389054879,3.26434620677768,0.0010971700960870372,variance,realignment,1.0000000199999999,3.26434620677768
3,avatarRT_sub_19,IM,0.2,0.0169008505580098,-0.09375540604650467,2.767558231834768,0.6223849970689362,0.6274517120770808,1.2365549889802925,0.21625233906131403,entropy,realignment,0.7900000199999999,1.2365549889802925
0,avatarRT_sub_19,WMP,0.2,0.0003321821108146513,0.027405257676245437,21.440717522402984,0.993767476114515,0.9938062674204791,-0.14379357589940422,0.8856634758461058,variance,subselection,0.07599998,0.14379357589940422
1,avatarRT_sub_19,WMP,0.2,0.05992366753993928,0.15684090697672426,2.915191083883405e-06,-0.004433689045003784,3.6739684481261663e-07,4.719601705757936,2.3630687452294234e-06,entropy,subselection,1.0000000199999999,4.719601705757936
2,avatarRT_sub_19,WMP,0.2,0.006769304122758258,0.027405257676245437,0.09321014686202832,0.00014093448398475318,0.004946278011825196,3.8842527012191375,0.00010264510761811114,variance,realignment,0.9980000200000001,3.8842527012191375
3,avatarRT_sub_19,WMP,0.2,0.02889629002211038,0.15684090697672426,0.9484283793837354,0.1852410590702833,0.18943555014239674,1.7676559743555724,0.07711843425857218,entropy,realignment,0.9560000199999998,1.7676559743555724
0,avatarRT_sub_21,IM,0.2,0.0013721731463407138,-0.008457723001935008,0.49182402274183695,0.008241016668286843,0.01688872891762966,-2.646802946233983,0.008125668690327567,variance,subselection,0.99399998,2.646802946233983
1,avatarRT_sub_21,IM,0.2,0.04208577613651434,0.12309467769208249,0.007940461064622279,-0.009462170365676299,0.0012285726041162699,3.3325698710143463,0.0008604786090241574,entropy,subselection,1.0000000199999999,3.3325698710143463
2,avatarRT_sub_21,IM,0.2,0.002116396024886691,-0.008457723001935008,1.3170941035062744,0.053865548843532084,0.0665595539158626,-2.3178195733483267,0.020459128878974508,variance,realignment,0.98999998,2.3178195733483267
3,avatarRT_sub_21,IM,0.2,0.0020734519107992256,0.12309467769208249,8.70693930366239,0.9767933453087243,0.9770002059661166,0.5356617661419188,0.5921923323932569,entropy,realignment,0.3720000199999998,0.5356617661419188
0,avatarRT_sub_21,WMP,0.2,0.01149688178941578,-0.07739669413448523,3.433396964285861e-79,-0.003889467682490667,1.1935211179799388e-80,-7.461561793718969,8.550284533353338e-14,variance,subselection,0.99999998,7.461561793718969
1,avatarRT_sub_21,WMP,0.2,0.001790778222539153,-0.10831904960901317,9.218962529311861,0.9519513915345532,0.9523101295102265,-0.3311026023562553,0.7405669860072368,entropy,subselection,0.25199998000000007,0.3311026023562553
2,avatarRT_sub_21,WMP,0.2,0.00039314787519591823,-0.07739669413448523,19.95015994905804,0.9990235272139468,0.9990345175636266,-0.16383899420666775,0.8698578935005628,variance,realignment,0.10999998000000005,0.16383899420666775
3,avatarRT_sub_21,WMP,0.2,0.008386647283259198,-0.10831904960901317,4.658709627261721,0.9783554664979706,0.9784515233649886,0.48268751929948067,0.6293176263414473,entropy,realignment,0.32800002000000006,0.48268751929948067
0,avatarRT_sub_22,IM,0.2,0.0003419866710334995,0.03237025743039959,7.312229563244089,0.15216660024793882,0.15624707125865475,1.9345071762069126,0.053050800600518457,variance,subselection,0.94400002,1.9345071762069126
1,avatarRT_sub_22,IM,0.2,0.003030597063707691,0.0024433015462173024,6.555528056027124,0.7824984169928844,0.7836580046498345,0.6313473411934434,0.5278134390485844,entropy,subselection,0.4760000199999999,0.6313473411934434
2,avatarRT_sub_22,IM,0.2,0.0022621580374714632,0.03237025743039959,0.3069517684355278,0.0004365621645874771,0.010940092017068847,2.9753183295366687,0.002926846535397972,variance,realignment,1.0000000199999999,2.9753183295366687
3,avatarRT_sub_22,IM,0.2,0.013891483979220288,0.0024433015462173024,3.4822321497967588,0.7713106732045945,0.7726142953937187,0.7262781242622992,0.4676682871961818,entropy,realignment,0.5120000199999999,0.7262781242622992
0,avatarRT_sub_22,WMP,0.2,0.001085543320968002,-0.009313736005261641,0.5338907184751329,0.0070803407690806204,0.01489538462569908,-2.8781784345086683,0.003999788300794696,variance,subselection,0.99999998,2.8781784345086683
1,avatarRT_sub_22,WMP,0.2,0.005776104443783778,-0.013261973113959602,3.2995002366476824,0.44775252248090874,0.45162148971171395,0.6164258754567129,0.5376134799657448,entropy,subselection,0.50400002,0.6164258754567129
2,avatarRT_sub_22,WMP,0.2,0.0007129878128739203,-0.009313736005261641,14.536444933463555,0.6958376392648971,0.7009945023494688,-1.0698406209229094,0.28469105451856014,variance,realignment,0.69199998,1.0698406209229094
3,avatarRT_sub_22,WMP,0.2,0.005126457364545386,-0.013261973113959602,5.022928539519108,0.766896415797346,0.76872174137438,-0.8283881199374565,0.407450732354227,entropy,realignment,0.57399998,0.8283881199374565
0,avatarRT_sub_23,IM,0.2,0.0008725367079977529,0.0021564246496310613,4.823313912976008,0.15859665409475274,0.1628370731890204,-1.9283644929841,0.05380980508151418,variance,subselection,0.95799998,1.9283644929841
1,avatarRT_sub_23,IM,0.2,0.015689109024053686,0.0562310718761978,0.08251313370041269,0.004344622134339758,0.008223556644312657,2.9059685568885008,0.0036611823758125423,entropy,subselection,0.9960000199999999,2.9059685568885008
2,avatarRT_sub_23,IM,0.2,0.0006789643853572575,0.0021564246496310613,13.186703636489433,0.6857506116160065,0.6875916731465461,0.8903257073329482,0.37329102130652736,variance,realignment,0.6280000200000001,0.8903257073329482
3,avatarRT_sub_23,IM,0.2,0.013275627752944011,0.0562310718761978,2.021885751464274,0.3138221084789425,0.31983759450715343,1.5893993761066254,0.11197025537620267,entropy,realignment,0.9120000199999998,1.5893993761066254
0,avatarRT_sub_23,WMP,0.2,0.00014920897313690646,0.023713672970313585,28.95130311937813,0.6276454097902784,0.6305787318703082,0.9573200939136446,0.33840571619985493,variance,subselection,0.6860000199999999,0.9573200939136446
1,avatarRT_sub_23,WMP,0.2,0.017957022850044097,0.13486771691518795,0.2649488598281111,0.021728068517259065,0.02908942645753904,3.0231404856557127,0.0025016607879245895,entropy,subselection,0.9980000200000001,3.0231404856557127
2,avatarRT_sub_23,WMP,0.2,0.0003963679060513319,0.023713672970313585,18.945363704912236,0.8062318508740937,0.8075674910973698,0.7806098011986706,0.4350320254231277,variance,realignment,0.55400002,0.7806098011986706
3,avatarRT_sub_23,WMP,0.2,0.007466460714453769,0.13486771691518795,4.266834691401312,0.9535520316698668,0.9538079864991383,-0.08463018017479132,0.9325554048238875,entropy,realignment,0.12199998000000008,0.08463018017479132
0,avatarRT_sub_24,IM,0.2,0.0013325447458338354,0.050764706798071824,2.567371927897725e-06,-0.0063231071939219,5.3686257663487916e-08,4.461443704743517,8.140933357192383e-06,variance,subselection,1.0000000199999999,4.461443704743517
1,avatarRT_sub_24,IM,0.2,0.017178192090528618,0.09092921353128514,2.467196093447047,0.40902463896854124,0.4168789700485777,1.5464275394651688,0.12200134739648061,entropy,subselection,0.81400002,1.5464275394651688
2,avatarRT_sub_24,IM,0.2,0.001220479762018083,0.050764706798071824,4.7501696298713005,0.2288689107732557,0.23304616005654918,1.8053674481489743,0.0710172014768206,variance,realignment,0.92800002,1.8053674481489743
3,avatarRT_sub_24,IM,0.2,0.005146798821369389,0.09092921353128514,5.128749631128949,0.9912401662023059,0.9913334269126495,0.00814443308634116,0.9935017544240395,entropy,realignment,0.03199998000000008,0.00814443308634116
0,avatarRT_sub_24,WMP,0.2,0.002692080523643696,-0.013288076875184018,3.106624590571044,0.19125934853009122,0.19560385395308189,-1.864138807427063,0.062302213999821617,variance,subselection,0.9399999800000001,1.864138807427063
1,avatarRT_sub_24,WMP,0.2,0.09404322131105419,0.1292768749287605,1.34496441785212e-18,-0.008843596337391414,2.1223769520399426e-19,5.030932906801894,4.880989476163063e-07,entropy,subselection,1.0000000199999999,5.030932906801894
2,avatarRT_sub_24,WMP,0.2,0.0028302947429377765,-0.013288076875184018,3.7949506333579404,0.2772630525465612,0.28451855752403393,1.7275335179220417,0.0840718909296575,variance,realignment,0.9120000199999998,1.7275335179220417
3,avatarRT_sub_24,WMP,0.2,0.05467393308054994,0.1292768749287605,0.18143299749790442,0.03997486791549466,0.04659731276662806,2.2743814535708227,0.022943061568130026,entropy,realignment,0.99400002,2.2743814535708227
0,avatarRT_sub_25,IM,0.2,0.0008071431959131934,0.05759105097574793,10.021851614687801,0.427284786482774,0.43717423221326956,1.3712494670706514,0.17029720249816283,variance,subselection,0.8420000199999998,1.3712494670706514
1,avatarRT_sub_25,IM,0.2,0.029899865549480216,0.07337253961229173,1.547799263708393e-13,-0.012430952970057706,1.517749202670394e-14,4.446401231202653,8.732078687615306e-06,entropy,subselection,1.0000000199999999,4.446401231202653
2,avatarRT_sub_25,IM,0.2,0.007341103268795543,0.05759105097574793,3.180431157272966e-23,-0.008408523848482454,1.253600224341085e-24,5.764845123616583,8.173286203840914e-09,variance,realignment,1.0000000199999999,5.764845123616583
3,avatarRT_sub_25,IM,0.2,0.0055563816591625665,0.07337253961229173,1.64668114013797,0.13851609557501535,0.14265649743905068,1.9769508510263327,0.04804718603024199,entropy,realignment,0.96400002,1.9769508510263327
0,avatarRT_sub_25,WMP,0.2,0.003610183425409728,-0.04177317427104758,2.45092840271008e-36,-0.023590698383783106,6.500394414580942e-38,-5.720033047742594,1.0650333601456756e-08,variance,subselection,0.99999998,5.720033047742594
1,avatarRT_sub_25,WMP,0.2,0.007150139012540656,-0.02481228805746305,2.956154915726704,0.34374123514697486,0.3465290486276466,1.525763988075844,0.12706865221846142,entropy,subselection,0.8920000199999998,1.525763988075844
2,avatarRT_sub_25,WMP,0.2,0.0005224254975632612,-0.04177317427104758,14.949656832139963,0.6170313205231597,0.6187365468732886,-1.1194134141091037,0.2629638109107616,variance,realignment,0.74999998,1.1194134141091037
3,avatarRT_sub_25,WMP,0.2,0.01566947841017465,-0.02481228805746305,3.33220501400531,0.7605735750945691,0.7616277793606434,0.9213085539013046,0.35688935645256814,entropy,realignment,0.6720000199999998,0.9213085539013046
0,avatarRT_sub_05,IM,0.5,0.0048384469846918,-0.0037972256627950285,2.3936008882149017e-06,-0.006671596734604507,8.809623531443903e-08,-4.415755703558964,1.0065771327237854e-05,variance,subselection,0.99999998,4.415755703558964
1,avatarRT_sub_05,IM,0.5,0.009608438014388536,-0.0948110414856056,2.156571500962566,0.2888141535145551,0.2938272056359073,1.675280417181692,0.093879225801603,entropy,subselection,0.9320000199999998,1.675280417181692
2,avatarRT_sub_05,IM,0.5,0.0005560882668278922,-0.0037972256627950285,14.599363896402338,0.5529824821687572,0.5575475080331607,-1.1440551890916646,0.25260074987723347,variance,realignment,0.73999998,1.1440551890916646
3,avatarRT_sub_05,IM,0.5,0.016026067056433804,-0.0948110414856056,0.2941608006652217,0.020228395108686178,0.031189083357576322,-2.8861032680737106,0.003900441534351143,entropy,realignment,0.99999998,2.8861032680737106
0,avatarRT_sub_05,WMP,0.5,0.003592096006232517,0.012133764252580836,0.00013251579914250376,-0.004006748976898017,4.605048675409951e-06,-4.113886817856998,3.890522440056669e-05,variance,subselection,0.99999998,4.113886817856998
1,avatarRT_sub_05,WMP,0.5,0.03782833591904502,0.02525556334335821,0.075397564584771,0.005886079508706232,0.009607875978553828,3.457929217304367,0.0005443443806485885,entropy,subselection,0.9980000200000001,3.457929217304367
2,avatarRT_sub_05,WMP,0.5,0.00046661253627056185,0.012133764252580836,18.928435470314206,0.9323054772814993,0.9328458484507702,-0.5504332877167845,0.5820222222743467,variance,realignment,0.38199998,0.5504332877167845
3,avatarRT_sub_05,WMP,0.5,0.0030319922774563663,0.02525556334335821,6.518955927349902,0.841182514689837,0.8418620636293376,-0.5317183641933989,0.5949210709372501,entropy,realignment,0.39399997999999997,0.5317183641933989
0,avatarRT_sub_06,IM,0.5,0.0004114716659906737,0.06669892605976593,18.996767770549685,0.9958578761015301,0.9958766133654835,-0.09715224432077912,0.9226054920800668,variance,subselection,0.05999998000000005,0.09715224432077912
1,avatarRT_sub_06,IM,0.5,0.11433129320561328,0.05337410082135463,1.6418210002016516e-10,-0.008723091431099726,3.086252821999415e-11,4.235688182786194,2.2785278744529716e-05,entropy,subselection,1.0000000199999999,4.235688182786194
2,avatarRT_sub_06,IM,0.5,0.010247664706106985,0.06669892605976593,4.267310481527567e-25,-0.013769194788510027,1.8033006599276842e-26,6.024814073362856,1.6930413494909537e-09,variance,realignment,1.0000000199999999,6.024814073362856
3,avatarRT_sub_06,IM,0.5,0.02340092970780593,0.05337410082135463,1.9168104182157644,0.4085455689948508,0.41236712728216934,1.414948131044671,0.157083704516003,entropy,realignment,0.8680000200000001,1.414948131044671
0,avatarRT_sub_06,WMP,0.5,0.021493637509403734,-0.08501666703625181,8.975769474378295e-306,-0.006340383018769733,2.770254472996543e-307,-11.992109276649177,3.908246208386257e-33,variance,subselection,0.99999998,11.992109276649177
1,avatarRT_sub_06,WMP,0.5,0.05385832112185453,-0.42620234932651835,8.790758393703594e-16,-0.006452303156975789,9.867342243108796e-17,-5.301534330475606,1.1483344784880231e-07,entropy,subselection,0.99999998,5.301534330475606
2,avatarRT_sub_06,WMP,0.5,0.008234804605489667,-0.08501666703625181,4.8182791832411393e-119,-0.018827520640152376,1.3529400528163022e-120,-8.336132752806716,7.675973704340807e-17,variance,realignment,0.99999998,8.336132752806716
3,avatarRT_sub_06,WMP,0.5,0.16569432861135094,-0.42620234932651835,0.0,-0.014312209832501222,0.0,-13.733600801701296,6.3878217153611566e-43,entropy,realignment,0.99999998,13.733600801701296
0,avatarRT_sub_07,IM,0.5,0.011042679507670173,-0.0216553148531905,1.876128336521314e-30,-0.00911777736465618,8.809741490536729e-32,-6.0194956139320475,1.7496139766173177e-09,variance,subselection,0.99999998,6.0194956139320475
1,avatarRT_sub_07,IM,0.5,0.016304017332061514,-0.04641222330514738,1.0069220398354553,0.13979252662457714,0.14611804868346134,2.0373790456025693,0.04161207207291783,entropy,subselection,0.9460000199999999,2.0373790456025693
2,avatarRT_sub_07,IM,0.5,0.0006603564257711944,-0.0216553148531905,12.392185093919588,0.5019612918583076,0.5041195012766887,-1.253811838896789,0.2099104050452909,variance,realignment,0.79999998,1.253811838896789
3,avatarRT_sub_07,IM,0.5,0.0073998285096722755,-0.04641222330514738,1.7704023730320142,0.1761645814414189,0.17983139928842515,-1.9141179766459173,0.055605083062132674,entropy,realignment,0.9479999800000001,1.9141179766459173
0,avatarRT_sub_07,WMP,0.5,0.02576997040021538,-0.03588406384362544,1.6388273629492018e-31,-0.004104200854620182,1.0946176205494841e-32,-6.106844678886447,1.0162004259975087e-09,variance,subselection,0.99999998,6.106844678886447
1,avatarRT_sub_07,WMP,0.5,0.08714690345887996,0.04007754517489737,1.3326270367992303e-15,-0.015160383180223011,2.0723938810983748e-16,4.810312665762966,1.5069438190775786e-06,entropy,subselection,1.0000000199999999,4.810312665762966
2,avatarRT_sub_07,WMP,0.5,0.009937696608993655,-0.03588406384362544,0.012695476245479275,-0.0038424674212742998,0.000748816937415436,4.066925951508842,4.763737171091347e-05,variance,realignment,1.0000000199999999,4.066925951508842
3,avatarRT_sub_07,WMP,0.5,0.08392597332502012,0.04007754517489737,0.03928120565194854,0.006074280100826462,0.009806162109510493,2.543413933988322,0.010977509709316482,entropy,realignment,0.9980000200000001,2.543413933988322
0,avatarRT_sub_08,IM,0.5,0.015937149888955945,-0.0427633548423154,2.5109732725533157e-67,-0.025802409666450875,1.135721922536569e-68,-7.141474062935257,9.233530051428733e-13,variance,subselection,0.99999998,7.141474062935257
1,avatarRT_sub_08,IM,0.5,0.0037303187607648125,-0.03422307639492539,6.118337960951818,0.7261508599472303,0.728773542285455,0.7654656027307518,0.4439943414319588,entropy,subselection,0.57600002,0.7654656027307518
2,avatarRT_sub_08,IM,0.5,0.000630988831114497,-0.0427633548423154,16.03444044601155,0.8407351051548402,0.8421146665203866,-0.691027529969507,0.4895482405741852,variance,realignment,0.49599998,0.691027529969507
3,avatarRT_sub_08,IM,0.5,0.010918837156771534,-0.03422307639492539,3.865382686516918,0.851104403425302,0.8517153311077688,0.7012586298657615,0.4831416265591576,entropy,realignment,0.4920000199999998,0.7012586298657615
0,avatarRT_sub_08,WMP,0.5,0.009427046971020097,-0.013668952554174024,1.232507494260592e-27,-0.022229489487513198,5.423501638675457e-29,-5.528784668100902,3.2245684849034316e-08,variance,subselection,0.99999998,5.528784668100902
1,avatarRT_sub_08,WMP,0.5,0.022532170209273488,-0.028580387464514967,0.38045887035545234,0.052960054025509816,0.06397676955868495,2.2041748620582124,0.027512048930745468,entropy,subselection,0.9760000199999999,2.2041748620582124
2,avatarRT_sub_08,WMP,0.5,0.0003834314414284947,-0.013668952554174024,19.790184954217786,0.9975076423787999,0.9975189867476743,-0.2394728695333301,0.8107389314903753,variance,realignment,0.15399998000000012,0.2394728695333301
3,avatarRT_sub_08,WMP,0.5,0.006439536723859592,-0.028580387464514967,3.8811674502682116,0.5312872864703393,0.5456860161921903,-1.0468410340686976,0.29517290140630414,entropy,realignment,0.6879999800000001,1.0468410340686976
0,avatarRT_sub_10,IM,0.5,0.00924248830531398,-0.028793390465271324,3.2663421984101098e-24,-0.007231611176842719,1.4009532995620605e-25,-5.8087323640215045,6.294762069550021e-09,variance,subselection,0.99999998,5.8087323640215045
1,avatarRT_sub_10,IM,0.5,0.020663824968686705,-0.11235396564641187,0.910649937253604,0.13696864420423352,0.1452164353399619,2.040750886451371,0.041275594568374104,entropy,subselection,0.97400002,2.040750886451371
2,avatarRT_sub_10,IM,0.5,0.0011737227481127292,-0.028793390465271324,2.776850077942377,0.090798388198605,0.09813086038566914,-2.18362356269806,0.028989920673462344,variance,realignment,0.97799998,2.18362356269806
3,avatarRT_sub_10,IM,0.5,0.018102105016665385,-0.11235396564641187,0.4536681711677809,0.04676145025923333,0.05190867968260976,-2.7023733824089575,0.006884640079013995,entropy,realignment,0.99399998,2.7023733824089575
0,avatarRT_sub_10,WMP,0.5,0.014293886224007738,0.0034981627310548824,2.635018278860199e-18,-0.010581019496512117,1.5948118399274224e-19,-5.249075069918497,1.528647768687806e-07,variance,subselection,0.99999998,5.249075069918497
1,avatarRT_sub_10,WMP,0.5,0.032701183448003615,-0.02849229335033776,0.034770816038805566,-0.0005688132605903205,0.004661814727654309,3.5349946673690584,0.00040778338778762807,entropy,subselection,1.0000000199999999,3.5349946673690584
2,avatarRT_sub_10,WMP,0.5,0.017020268925066105,0.0034981627310548824,8.354254767685351e-32,-0.004408520299677234,4.162400792753291e-33,6.445885351593699,1.1492751777942178e-10,variance,realignment,1.0000000199999999,6.445885351593699
3,avatarRT_sub_10,WMP,0.5,0.05275058493572121,-0.02849229335033776,0.06892668745283309,-0.00023286186136161661,0.014214359049883057,2.6644722514530996,0.007710922769317691,entropy,realignment,1.0000000199999999,2.6644722514530996
0,avatarRT_sub_11,IM,0.5,0.0002359310914464491,0.05949057027089906,22.61337491394525,0.7152550963718037,0.7183865566865179,0.8742778346295167,0.38196696724192536,variance,subselection,0.6060000199999999,0.8742778346295167
1,avatarRT_sub_11,IM,0.5,0.05023652426784251,0.14533609843897688,5.179593254717951e-05,-0.006170624735371887,6.700400482320746e-06,4.30853051123012,1.6434280774509168e-05,entropy,subselection,1.0000000199999999,4.30853051123012
2,avatarRT_sub_11,IM,0.5,0.0030617002936273894,0.05949057027089906,0.3818335370133103,0.010237791676235123,0.016310736084428058,3.1403932197648308,0.0016872120209952125,variance,realignment,0.9960000199999999,3.1403932197648308
3,avatarRT_sub_11,IM,0.5,0.025170100799178842,0.14533609843897688,1.3317673859735164,0.2643790279093376,0.2710671119075442,1.646555529680464,0.09964943742175038,entropy,realignment,0.92400002,1.646555529680464
0,avatarRT_sub_11,WMP,0.5,0.0039019255796572086,0.0032685516564457673,4.0977206358886614e-05,-0.008200888851128353,1.713669443655371e-06,-3.8694955040097225,0.00010906079238506586,variance,subselection,0.99999998,3.8694955040097225
1,avatarRT_sub_11,WMP,0.5,0.03194032206226124,0.11656118894089662,0.1312110559919342,0.0070163643818561576,0.016958453529619288,3.2947803730510294,0.0009849863003891094,entropy,subselection,0.9960000199999999,3.2947803730510294
2,avatarRT_sub_11,WMP,0.5,0.0004061068142841958,0.0032685516564457673,20.03721414404623,0.992194388925625,0.9922395653161353,0.11365831643561464,0.9095086569874791,variance,realignment,0.1160000199999999,0.11365831643561464
3,avatarRT_sub_11,WMP,0.5,0.007967234026375742,0.11656118894089662,4.647477982546373,0.9338624166370778,0.9341679087078262,0.43688081355836766,0.6621977870582583,entropy,realignment,0.3060000199999999,0.43688081355836766
0,avatarRT_sub_13,IM,0.5,0.008690551449385214,-0.020173254957215447,4.899725402567764e-19,-0.004516304796922036,2.168218620761944e-20,-5.2389385262153025,1.6150282016102286e-07,variance,subselection,0.99999998,5.2389385262153025
1,avatarRT_sub_13,IM,0.5,0.008294028227573226,-0.0068493958748767625,3.2383370906923883,0.4399860829276651,0.44253363808554425,1.3121331700352137,0.18947520588534628,entropy,subselection,0.8380000200000001,1.3121331700352137
2,avatarRT_sub_13,IM,0.5,0.0006673585641773952,-0.020173254957215447,14.991162071438257,0.820649279129389,0.8224111251739491,-0.7805678348630971,0.4350567158837356,variance,realignment,0.5279999799999999,0.7805678348630971
3,avatarRT_sub_13,IM,0.5,0.009466212194123273,-0.0068493958748767625,3.4878453811222543,0.7289540407394454,0.731016347023929,-0.6317075149463305,0.5275780165515085,entropy,realignment,0.49199998,0.6317075149463305
0,avatarRT_sub_13,WMP,0.5,0.009173784709637646,0.12410594465700764,7.370276599355813e-108,-0.00582217814505604,1.8866721616198903e-109,9.344217733071716,9.257122498953391e-21,variance,subselection,1.0000000199999999,9.344217733071716
1,avatarRT_sub_13,WMP,0.5,0.3880719987717008,0.7534722423525104,1.0118510701569557e-65,-0.0038386993532569533,1.789233425029496e-66,8.41630179454801,3.8855554392253304e-17,entropy,subselection,1.0000000199999999,8.41630179454801
2,avatarRT_sub_13,WMP,0.5,0.002196223055194617,0.12410594465700764,2.6531144135528857,0.11909843690678949,0.13129685699498236,2.133795572085526,0.03285951852724616,variance,realignment,0.9520000199999998,2.133795572085526
3,avatarRT_sub_13,WMP,0.5,0.006681472963192393,0.7534722423525104,4.950957325355652,0.9999796241970581,0.9999797368387462,0.15179463534585833,0.8793489134772629,entropy,realignment,0.08400002000000001,0.15179463534585833
0,avatarRT_sub_14,IM,0.5,0.0026211239338655447,0.011846829656188329,0.016061815301932684,-0.003773864952524988,0.0005679097793305331,-3.695556767584796,0.00021940544879200393,variance,subselection,0.99999998,3.695556767584796
1,avatarRT_sub_14,IM,0.5,0.01688948357613389,0.013865287758525469,0.9795883638997368,0.14351510408424792,0.14748921968979015,1.854377037929297,0.06368523754278606,entropy,subselection,0.9220000199999998,1.854377037929297
2,avatarRT_sub_14,IM,0.5,0.0007038805695485883,0.011846829656188329,13.258399701816433,0.6792987998207738,0.6813964490550195,0.7537791682223888,0.45098183474537656,variance,realignment,0.53800002,0.7537791682223888
3,avatarRT_sub_14,IM,0.5,0.010563723728026954,0.013865287758525469,4.081936339722715,0.8522232712905113,0.8529399552430309,0.629559275496573,0.5289829752946849,entropy,realignment,0.45800002000000006,0.629559275496573
0,avatarRT_sub_14,WMP,0.5,0.03414414586731639,-0.08639695031586364,1.2658545705397265e-131,-0.01018868711948379,6.730493176929416e-133,-8.878665692793378,6.766714366175873e-19,variance,subselection,0.99999998,8.878665692793378
1,avatarRT_sub_14,WMP,0.5,0.007805885097703522,-0.1715940846073578,3.138548510859656,0.38153202353123855,0.3907340944842968,1.3966262991285825,0.16252597751492992,entropy,subselection,0.8320000199999998,1.3966262991285825
2,avatarRT_sub_14,WMP,0.5,0.00690043767507162,-0.08639695031586364,1.485301739587623e-21,-0.010497966784802016,5.925367723239562e-23,-5.275249264223804,1.3257576226462118e-07,variance,realignment,0.99999998,5.275249264223804
3,avatarRT_sub_14,WMP,0.5,0.03750673543038899,-0.1715940846073578,1.117702009768734e-65,-0.020505665771480962,7.811977873199304e-67,-7.300552413142368,2.865886234101487e-13,entropy,realignment,0.99999998,7.300552413142368
0,avatarRT_sub_15,IM,0.5,0.027853967906745897,-0.09023928551924315,3.4287509704163145e-199,-0.006916589191475754,1.4567723439634414e-200,-10.503266405378906,8.344180160088319e-26,variance,subselection,0.99999998,10.503266405378906
1,avatarRT_sub_15,IM,0.5,0.008754729253214386,-0.2608119985972239,1.8308404866111587,0.2114241806473235,0.21503348508663833,-1.7530184284569807,0.07959884388141254,entropy,subselection,0.90799998,1.7530184284569807
2,avatarRT_sub_15,IM,0.5,0.00827538763155579,-0.09023928551924315,3.2851874027051663e-38,-0.004041257760017558,1.2534669305677263e-39,-5.961535017409239,2.4987935315009614e-09,variance,realignment,0.99999998,5.961535017409239
3,avatarRT_sub_15,IM,0.5,0.05480132383800564,-0.2608119985972239,1.3733246286610063e-27,-0.006011524023153629,1.3411615211493375e-28,-5.966036285700675,2.4308624817170453e-09,entropy,realignment,0.99999998,5.966036285700675
0,avatarRT_sub_15,WMP,0.5,0.012505237347804524,-0.051370397405626406,5.268253733141177e-100,-0.007007925755389465,1.7864578964355728e-101,-8.554244492996945,1.1864320361330252e-17,variance,subselection,0.99999998,8.554244492996945
1,avatarRT_sub_15,WMP,0.5,0.012789436682861584,-0.18411363925546675,2.829402489572357,0.4591000404082935,0.47619456748924893,-1.2592985957926166,0.20792250024872894,entropy,subselection,0.82199998,1.2592985957926166
2,avatarRT_sub_15,WMP,0.5,0.0029979104285812143,-0.051370397405626406,0.378018633000779,0.013720382347820975,0.017746780091910705,-2.8163489692620454,0.0048572874753046065,variance,realignment,0.99599998,2.8163489692620454
3,avatarRT_sub_15,WMP,0.5,0.049126059943133356,-0.18411363925546675,0.20865499536932428,0.0357585286156792,0.039681976866692455,-2.814967229951656,0.0048782207981948305,entropy,realignment,0.98599998,2.814967229951656
0,avatarRT_sub_16,IM,0.5,0.03455786819984433,-0.07401491688969944,3.693361729675122e-109,-0.009393891984131483,2.0618457462537925e-110,-8.85551966196946,8.329483467120186e-19,variance,subselection,0.99999998,8.85551966196946
1,avatarRT_sub_16,IM,0.5,0.03194321575680775,-0.08151441348386435,0.29420206672774535,0.038634127182925984,0.04973488549070068,2.4633598739048965,0.013764168574611909,entropy,subselection,0.9960000199999999,2.4633598739048965
2,avatarRT_sub_16,IM,0.5,0.002384143383279572,-0.07401491688969944,2.099752234826091,0.09820632369364907,0.10720953227700558,2.1946348373859066,0.028189802465224772,variance,realignment,0.9680000200000001,2.1946348373859066
3,avatarRT_sub_16,IM,0.5,0.010983355770607632,-0.08151441348386435,3.99854783045592,0.8253373058483292,0.8266043024927701,0.7889755522359162,0.4301262956262015,entropy,realignment,0.54400002,0.7889755522359162
0,avatarRT_sub_16,WMP,0.5,0.01749955958096693,-0.03622050796650067,6.805381480504642e-51,-0.006459114048697037,3.1598103116039917e-52,-7.164242817488972,7.821765854113307e-13,variance,subselection,0.99999998,7.164242817488972
1,avatarRT_sub_16,WMP,0.5,0.03250698010151983,-0.08895081261732729,0.03347741197844052,0.0005210553552159396,0.005009327781461468,3.016285342752363,0.0025589232868362343,entropy,subselection,0.9980000200000001,3.016285342752363
2,avatarRT_sub_16,WMP,0.5,0.0065663700244736325,-0.03622050796650067,0.0002423172332436135,-0.009967983366419492,1.1407416540895078e-05,4.406463220475509,1.0507213959810787e-05,variance,realignment,1.0000000199999999,4.406463220475509
3,avatarRT_sub_16,WMP,0.5,0.026596493809120027,-0.08895081261732729,1.1743909910115533,0.23126590378187487,0.23745638268672428,1.7239213083836653,0.08472205002508586,entropy,realignment,0.9400000199999999,1.7239213083836653
0,avatarRT_sub_17,IM,0.5,0.03122954489329267,-0.08411820715643634,2.40099747852783e-135,-0.01975116532263208,1.1865235194829209e-136,-9.081410094286271,1.0717718909046623e-19,variance,subselection,0.99999998,9.081410094286271
1,avatarRT_sub_17,IM,0.5,0.008945904138106418,-0.2487238498357489,2.2650316170552,0.2996828537548553,0.30272508433591133,-1.5839090879471684,0.11321440898875099,entropy,subselection,0.85399998,1.5839090879471684
2,avatarRT_sub_17,IM,0.5,0.000731567987393538,-0.08411820715643634,13.17113428110235,0.704697469683302,0.7074653437902377,-0.8359550788724194,0.40318017481844093,variance,realignment,0.58399998,0.8359550788724194
3,avatarRT_sub_17,IM,0.5,0.014459503395666576,-0.2487238498357489,2.435694712971269,0.5172231753599318,0.5233065744094025,-0.9779792585925939,0.3280845826069049,entropy,realignment,0.6639999799999999,0.9779792585925939
0,avatarRT_sub_17,WMP,0.5,0.01109277962182112,-0.008139894450731877,0.00014356594752006999,-0.006925770351734066,8.68017844411361e-06,-4.160208470522087,3.1795723683729665e-05,variance,subselection,0.99999998,4.160208470522087
1,avatarRT_sub_17,WMP,0.5,0.020897149874341544,0.06899395060865476,0.24035484000705284,0.0222945707424223,0.03106329310363891,2.6659073327474188,0.0076780853849123245,entropy,subselection,0.9960000199999999,2.6659073327474188
2,avatarRT_sub_17,WMP,0.5,0.0005641058698462973,-0.008139894450731877,13.366743439535153,0.6051475382098276,0.608148495130701,0.7361424328817512,0.46164402160832174,variance,realignment,0.5360000199999999,0.7361424328817512
3,avatarRT_sub_17,WMP,0.5,0.0264485525696279,0.06899395060865476,1.051049407629191,0.18762939011321514,0.1912674552536402,-1.8228513806439812,0.06832590333087712,entropy,realignment,0.90599998,1.8228513806439812
0,avatarRT_sub_18,IM,0.5,0.003900532515511139,0.014801827175476595,0.00016139905459565694,-0.014546664815013082,6.782821889389639e-06,-3.7815594493682627,0.00015584899251696652,variance,subselection,0.99999998,3.7815594493682627
1,avatarRT_sub_18,IM,0.5,0.014045016023406834,0.011568060402756153,0.647471293269029,0.07472206637464102,0.08162057497954137,2.182980674207589,0.029037233239665595,entropy,subselection,0.98400002,2.182980674207589
2,avatarRT_sub_18,IM,0.5,0.0005903887077164427,0.014801827175476595,15.078793813728808,0.7408963905320437,0.7440776752168696,0.7726148442576926,0.4397503567326949,variance,realignment,0.55400002,0.7726148442576926
3,avatarRT_sub_18,IM,0.5,0.0034284490614286804,0.011568060402756153,6.709118185963182,0.9964669621818442,0.9965270085333786,0.15970120262650658,0.8731164535039218,entropy,realignment,0.08200001999999998,0.15970120262650658
0,avatarRT_sub_18,WMP,0.5,0.011590070159363896,-0.021798137049083288,1.6675095536446218e-17,-0.004352100586293986,8.241372646368286e-19,-5.6387098795679265,1.713289103453345e-08,variance,subselection,0.99999998,5.6387098795679265
1,avatarRT_sub_18,WMP,0.5,0.02383678345340308,0.0057120889474204795,0.031369417969402735,-0.017473658075865782,0.0038431838488387927,2.9971822066887728,0.0027248779598006406,entropy,subselection,1.0000000199999999,2.9971822066887728
2,avatarRT_sub_18,WMP,0.5,0.00048018129710115573,-0.021798137049083288,16.386794901584505,0.9997673364418446,0.9997697213344379,-0.09178277426800259,0.9268706304290728,variance,realignment,0.06199998000000008,0.09178277426800259
3,avatarRT_sub_18,WMP,0.5,0.006499505326382185,0.0057120889474204795,5.11636657588782,0.9098298373549497,0.9102094514268553,0.5861510727901061,0.5577739976513394,entropy,realignment,0.42600001999999987,0.5861510727901061
0,avatarRT_sub_19,IM,0.5,0.01030059033163273,-0.009929236382755141,4.8037110998730686e-20,-0.004819999763646554,2.1822404242485115e-21,-5.631394160834342,1.7875866269526232e-08,variance,subselection,0.99999998,5.631394160834342
1,avatarRT_sub_19,IM,0.5,0.007359080223389133,-0.09375540604650467,3.0201979409877033,0.3472697843112969,0.3554818740822339,1.5224367238545666,0.12789968895390336,entropy,subselection,0.8880000200000001,1.5224367238545666
2,avatarRT_sub_19,IM,0.5,0.004222998040923572,-0.009929236382755141,0.24307272476086011,-0.005740631423633753,0.012476839332095474,3.1713370245852905,0.001517389854004437,variance,realignment,1.0000000199999999,3.1713370245852905
3,avatarRT_sub_19,IM,0.5,0.018522558359912133,-0.09375540604650467,2.6802744350922767,0.5761716730672483,0.5818856921556043,1.1918135005406787,0.23333438093451453,entropy,realignment,0.8120000199999998,1.1918135005406787
0,avatarRT_sub_19,WMP,0.5,0.004772396759466499,0.027405257676245437,0.15981821895023868,0.0037151698386693843,0.007950726683688533,-3.1275477797759508,0.0017627116629313165,variance,subselection,0.99999998,3.1275477797759508
1,avatarRT_sub_19,WMP,0.5,0.09149752624425608,0.15684090697672426,2.8542740883251208e-12,-0.0044310397476377715,4.3499217208869547e-13,4.91073815578149,9.073418204379228e-07,entropy,subselection,1.0000000199999999,4.91073815578149
2,avatarRT_sub_19,WMP,0.5,0.0067516384549966835,0.027405257676245437,7.652863899317529e-05,-0.004740538887398176,3.951469921750893e-06,3.970180733747585,7.181813292705311e-05,variance,realignment,1.0000000199999999,3.970180733747585
3,avatarRT_sub_19,WMP,0.5,0.02837975070238138,0.15684090697672426,0.9725067823868413,0.19939472357853036,0.20262489664387445,1.7930526234773903,0.07296451005266201,entropy,realignment,0.9660000199999998,1.7930526234773903
0,avatarRT_sub_21,IM,0.5,0.006998010282226955,-0.008457723001935008,6.533258369435907e-06,-0.003872492952988043,2.670865103007682e-07,-4.870820677781179,1.1113566986240474e-06,variance,subselection,0.99999998,4.870820677781179
1,avatarRT_sub_21,IM,0.5,0.11149679020348846,0.12309467769208249,8.416717512617521e-12,-0.00782034684969892,1.3743700602985232e-12,4.981814067293095,6.299094565308841e-07,entropy,subselection,1.0000000199999999,4.981814067293095
2,avatarRT_sub_21,IM,0.5,0.0021166352488967387,-0.008457723001935008,2.3898639842141,0.11928863300252815,0.12690794126167723,-2.083178140223732,0.03723498888055535,variance,realignment,0.9819999799999999,2.083178140223732
3,avatarRT_sub_21,IM,0.5,0.002431465260037598,0.12309467769208249,7.936523723109445,0.8231276492739938,0.8238303976674817,0.5450761073087296,0.5857011745333258,entropy,realignment,0.40200001999999985,0.5450761073087296
0,avatarRT_sub_21,WMP,0.5,0.027647900661160876,-0.07739669413448523,3.3312800407818934e-134,-0.00885730192770875,1.5278724727903044e-135,-9.139344851222862,6.283180874377505e-20,variance,subselection,0.99999998,9.139344851222862
1,avatarRT_sub_21,WMP,0.5,0.011180997906633041,-0.10831904960901317,1.6816915039602234,0.21380894953475954,0.2182055739114762,1.7387733448499456,0.0820746389345986,entropy,subselection,0.9260000199999999,1.7387733448499456
2,avatarRT_sub_21,WMP,0.5,0.00040920054903328165,-0.07739669413448523,19.953304289987496,0.9972545686508362,0.9972809850638366,-0.1518148574378716,0.8793329634270457,variance,realignment,0.09199998000000008,0.1518148574378716
3,avatarRT_sub_21,WMP,0.5,0.00855730097977602,-0.10831904960901317,4.466259516196109,0.9044470228101607,0.905347384305179,0.5049536232363263,0.6135914097166,entropy,realignment,0.36000002,0.5049536232363263
0,avatarRT_sub_22,IM,0.5,0.0004041148904670793,0.03237025743039959,11.042116960869599,0.29533445979255124,0.298763304571126,-1.6407725550680152,0.1008446373382403,variance,subselection,0.9039999799999999,1.6407725550680152
1,avatarRT_sub_22,IM,0.5,0.011781288687211507,0.0024433015462173024,2.159104533936191,0.33015562375982993,0.33600308610694496,1.6375510361885681,0.1015153842664636,entropy,subselection,0.9020000199999998,1.6375510361885681
2,avatarRT_sub_22,IM,0.5,0.0022522249603767765,0.03237025743039959,0.49725488055410855,0.012616254845282119,0.01977066618273978,2.9502418156141244,0.003175253039905818,variance,realignment,0.9980000200000001,2.9502418156141244
3,avatarRT_sub_22,IM,0.5,0.013603334947759503,0.0024433015462173024,3.7167819755606826,0.8899208364331601,0.8903658829847977,0.733240472883281,0.46341177432913216,entropy,realignment,0.52800002,0.733240472883281
0,avatarRT_sub_22,WMP,0.5,0.00559021265501658,-0.009313736005261641,2.0114045116555766e-16,-0.011169302425282674,7.569889708048781e-18,-5.023482996987477,5.074271901053196e-07,variance,subselection,0.99999998,5.023482996987477
1,avatarRT_sub_22,WMP,0.5,0.016584285111990435,-0.013261973113959602,0.9265899509515247,0.1330560230547398,0.13803446589593713,2.004093133585874,0.04506008482121057,entropy,subselection,0.9360000199999999,2.004093133585874
2,avatarRT_sub_22,WMP,0.5,0.0007097077579517496,-0.009313736005261641,13.68790444431169,0.6538741922570213,0.658040394654087,-1.0686163845699155,0.28524256255140756,variance,realignment,0.7199999800000001,1.0686163845699155
3,avatarRT_sub_22,WMP,0.5,0.005102117441999419,-0.013261973113959602,4.829986472487146,0.6906723105090511,0.6932413859716753,-0.8430239641614036,0.39921504139837316,entropy,realignment,0.58399998,0.8430239641614036
0,avatarRT_sub_23,IM,0.5,0.006458118570909418,0.0021564246496310613,8.360953081810189e-13,-0.005421401499653019,3.907959322128255e-14,-4.4451943678595205,8.781243885956523e-06,variance,subselection,0.99999998,4.4451943678595205
1,avatarRT_sub_23,IM,0.5,0.039332118516941364,0.0562310718761978,2.1762529334764758e-05,-0.004447725131596152,2.9647876632257773e-06,3.700085735790264,0.00021552664076215867,entropy,subselection,1.0000000199999999,3.700085735790264
2,avatarRT_sub_23,IM,0.5,0.0005961439119489557,0.0021564246496310613,12.937064728000657,0.5974724064188707,0.5991683727342435,0.8885895991305244,0.3742236828603147,variance,realignment,0.62400002,0.8885895991305244
3,avatarRT_sub_23,IM,0.5,0.011979570354536074,0.0562310718761978,2.131117647331541,0.32332618131992497,0.329224959816321,1.6126263579555151,0.1068257084768913,entropy,realignment,0.91800002,1.6126263579555151
0,avatarRT_sub_23,WMP,0.5,0.0006977724012630259,0.023713672970313585,3.2863597834229736,0.08801383551504287,0.09699479829995583,-2.171406918531542,0.029900426391927352,variance,subselection,0.97599998,2.171406918531542
1,avatarRT_sub_23,WMP,0.5,0.02937064281339677,0.13486771691518795,0.0024434053930584405,-0.0036992288980787014,0.00030470729530303857,3.30542145757725,0.0009483367935488946,entropy,subselection,1.0000000199999999,3.30542145757725
2,avatarRT_sub_23,WMP,0.5,0.00036268715431339734,0.023713672970313585,18.423293622101845,0.7453369164573715,0.7470214261914184,0.6880866006884789,0.4913982478992006,variance,realignment,0.5180000200000001,0.6880866006884789
3,avatarRT_sub_23,WMP,0.5,0.007167285125682886,0.13486771691518795,4.303373696365484,0.8917983532696546,0.8931018104174735,-0.1878897157849739,0.8509631047772397,entropy,realignment,0.19199998000000007,0.1878897157849739
0,avatarRT_sub_24,IM,0.5,0.00014565430211038738,0.050764706798071824,30.665372162923422,0.8292384139320739,0.8318157363228322,0.5817116905657994,0.5607608956941919,variance,subselection,0.42800002000000004,0.5817116905657994
1,avatarRT_sub_24,IM,0.5,0.03531284605976443,0.09092921353128514,0.3906404454722508,0.05191223063132849,0.06617051191571584,2.536437563837829,0.01119867101419695,entropy,subselection,0.9880000200000001,2.536437563837829
2,avatarRT_sub_24,IM,0.5,0.00127645115483275,0.050764706798071824,4.47248182067703,0.19071030331560923,0.1952092803695633,1.81909215079611,0.06889737237341051,variance,realignment,0.9200000199999999,1.81909215079611
3,avatarRT_sub_24,IM,0.5,0.005332596323814867,0.09092921353128514,5.395626543754389,0.9987519398470069,0.998769678681677,0.04416869508888004,0.9647699353906812,entropy,realignment,0.004000020000000006,0.04416869508888004
0,avatarRT_sub_24,WMP,0.5,0.014704875686752302,-0.013288076875184018,0.0013301876133666674,-0.012676085846791387,0.00010906271121418339,-3.6297075091424778,0.00028374255283878476,variance,subselection,0.99999998,3.6297075091424778
1,avatarRT_sub_24,WMP,0.5,0.18510895180380568,0.1292768749287605,3.335732990867141e-33,-0.01528571603588539,6.525031410746212e-34,5.637861560518793,1.7217483398353834e-08,entropy,subselection,1.0000000199999999,5.637861560518793
2,avatarRT_sub_24,WMP,0.5,0.0027327994484340106,-0.013288076875184018,4.256491884869661,0.29443299325389405,0.29734513886167996,1.6625722087639294,0.09639809799363157,variance,realignment,0.89400002,1.6625722087639294
3,avatarRT_sub_24,WMP,0.5,0.05349556618035273,0.1292768749287605,0.18152869487629614,0.0363091156040303,0.04008592543875828,2.37981579880072,0.017321294083593387,entropy,realignment,0.99400002,2.37981579880072
0,avatarRT_sub_25,IM,0.5,0.002314930122913545,0.05759105097574793,1.9809866738265878,0.09246726851503985,0.09988465518672902,-2.237470846609528,0.025255582661859205,variance,subselection,0.97599998,2.237470846609528
1,avatarRT_sub_25,IM,0.5,0.07154434680111288,0.07337253961229173,1.0988277494249943e-27,-0.0039794071986424704,1.2668629101305045e-28,5.702493255443787,1.180675845207272e-08,entropy,subselection,1.0000000199999999,5.702493255443787
2,avatarRT_sub_25,IM,0.5,0.0074032239251784785,0.05759105097574793,1.0237064099658835e-26,-0.0038436197560909875,3.643883268347579e-28,5.727939436605197,1.0165784333150387e-08,variance,realignment,1.0000000199999999,5.727939436605197
3,avatarRT_sub_25,IM,0.5,0.005820756690753568,0.07337253961229173,1.649763781522926,0.124786366354692,0.13580744030021547,2.0279325797329886,0.042567129463449996,entropy,realignment,0.9720000199999999,2.0279325797329886
0,avatarRT_sub_25,WMP,0.5,0.008854892981623827,-0.04177317427104758,4.453041065624759e-50,-0.004338915730411339,1.487599089584043e-51,-7.2809839179070694,3.313941917484244e-13,variance,subselection,0.99999998,7.2809839179070694
1,avatarRT_sub_25,WMP,0.5,0.01879859712768846,-0.02481228805746305,0.6712158249777368,0.09608811312595589,0.10362956450322772,2.1176918995489014,0.03420116934175874,entropy,subselection,0.9780000200000001,2.1176918995489014
2,avatarRT_sub_25,WMP,0.5,0.0005072620153564155,-0.04177317427104758,14.646932499082855,0.5596496921995493,0.5614276235747805,-1.1106302396962584,0.2667275409027312,variance,realignment,0.75599998,1.1106302396962584
3,avatarRT_sub_25,WMP,0.5,0.015378582255688885,-0.02481228805746305,3.161283593334359,0.702440267262365,0.7053846531879152,0.9618086884645448,0.33614571282731853,entropy,realignment,0.6720000199999998,0.9618086884645448
