,session_type,session_id,run,total_variance,average_variance,data_type,subject_id
0,IM,ses_02,1,0.12356655849931787,0.07180825929784519,manifold_projection,avatarRT_sub_05
1,IM,ses_02,1,1.0069716577947616,0.8059276755184751,voxel_data,avatarRT_sub_05
2,IM,ses_02,1,0.1278335927183657,0.07188044055617779,component_data,avatarRT_sub_05
3,IM,ses_02,2,0.11582215731760429,0.08229335633060322,manifold_projection,avatarRT_sub_05
4,IM,ses_02,2,1.0742400741701736,0.9086686005309413,voxel_data,avatarRT_sub_05
5,IM,ses_02,2,0.11901431949395903,0.08209617412829019,component_data,avatarRT_sub_05
6,IM,ses_02,3,0.102930876661586,0.0920532982244816,manifold_projection,avatarRT_sub_05
7,IM,ses_02,3,1.0276871898474176,0.9798585450364133,voxel_data,avatarRT_sub_05
8,IM,ses_02,3,0.103837230074853,0.09255343803869868,component_data,avatarRT_sub_05
9,IM,ses_02,4,0.11783071494183316,0.11156198882832336,manifold_projection,avatarRT_sub_05
10,IM,ses_02,4,1.3959897214660104,1.3091080934600896,voxel_data,avatarRT_sub_05
11,IM,ses_02,4,0.11770464276312423,0.11164590031129278,component_data,avatarRT_sub_05
12,WMP,ses_03,1,0.09240343281237023,0.07587768978632019,manifold_projection,avatarRT_sub_05
13,WMP,ses_03,1,1.095384797326077,0.9785180873202439,voxel_data,avatarRT_sub_05
14,WMP,ses_03,1,0.09258923546532351,0.07598386699690225,component_data,avatarRT_sub_05
15,WMP,ses_03,2,0.0872011770618154,0.07862668024633365,manifold_projection,avatarRT_sub_05
16,WMP,ses_03,2,1.1153555338103316,1.0431561957618336,voxel_data,avatarRT_sub_05
17,WMP,ses_03,2,0.08780385349003016,0.07868846920042308,component_data,avatarRT_sub_05
18,WMP,ses_03,3,0.08558733478725863,0.07757005352497118,manifold_projection,avatarRT_sub_05
19,WMP,ses_03,3,0.9344010169982268,0.8957480731952674,voxel_data,avatarRT_sub_05
20,WMP,ses_03,3,0.08586245808508144,0.07732752015219282,component_data,avatarRT_sub_05
21,WMP,ses_03,4,0.08588386110962978,0.08056927704914991,manifold_projection,avatarRT_sub_05
22,WMP,ses_03,4,0.9578595358605257,0.9049435424873565,voxel_data,avatarRT_sub_05
23,WMP,ses_03,4,0.0859665940309008,0.08053848553140294,component_data,avatarRT_sub_05
24,OMP,ses_04,1,0.08164965870465404,0.0715414956875578,manifold_projection,avatarRT_sub_05
25,OMP,ses_04,1,1.2122263822331025,1.0705692766527302,voxel_data,avatarRT_sub_05
26,OMP,ses_04,1,0.08096927521808685,0.07130661885179461,component_data,avatarRT_sub_05
27,OMP,ses_04,2,0.08753707666672449,0.07094387552485498,manifold_projection,avatarRT_sub_05
28,OMP,ses_04,2,1.116915729874762,0.9396619241296409,voxel_data,avatarRT_sub_05
29,OMP,ses_04,2,0.08503130371582555,0.07124853085302255,component_data,avatarRT_sub_05
30,OMP,ses_04,3,0.08495383127429026,0.05930778535090262,manifold_projection,avatarRT_sub_05
31,OMP,ses_04,3,0.9900061927034999,0.7851571244312712,voxel_data,avatarRT_sub_05
32,OMP,ses_04,3,0.08538820818725477,0.059250292514936485,component_data,avatarRT_sub_05
33,OMP,ses_04,4,0.07428242958023733,0.06923231561814054,manifold_projection,avatarRT_sub_05
34,OMP,ses_04,4,1.073085068132618,1.00692148022571,voxel_data,avatarRT_sub_05
35,OMP,ses_04,4,0.07240377694726619,0.06850307072849385,component_data,avatarRT_sub_05
36,IM,ses_02,1,0.182604851884631,0.12204153910475173,manifold_projection,avatarRT_sub_06
37,IM,ses_02,1,1.1763928228489755,0.8134076225110574,voxel_data,avatarRT_sub_06
38,IM,ses_02,1,0.18027190415989472,0.12106957820819117,component_data,avatarRT_sub_06
39,IM,ses_02,2,0.1362029244696176,0.12012327178088766,manifold_projection,avatarRT_sub_06
40,IM,ses_02,2,1.0371494523029643,0.858704262035711,voxel_data,avatarRT_sub_06
41,IM,ses_02,2,0.13326894155307878,0.12013085267353082,component_data,avatarRT_sub_06
42,IM,ses_02,3,0.14584910374714616,0.11880724825361362,manifold_projection,avatarRT_sub_06
43,IM,ses_02,3,1.0691686517030439,0.8074482059394625,voxel_data,avatarRT_sub_06
44,IM,ses_02,3,0.14428638230781016,0.11867206502711318,component_data,avatarRT_sub_06
45,IM,ses_02,4,0.14853366131246504,0.13833007453843296,manifold_projection,avatarRT_sub_06
46,IM,ses_02,4,1.2307263529841965,1.0859232601022064,voxel_data,avatarRT_sub_06
47,IM,ses_02,4,0.14908301541828856,0.13873228057010137,component_data,avatarRT_sub_06
48,WMP,ses_04,1,0.14602210686173359,0.09080282312416985,manifold_projection,avatarRT_sub_06
49,WMP,ses_04,1,1.0423928555560729,0.8141200972547529,voxel_data,avatarRT_sub_06
50,WMP,ses_04,1,0.13629254549383824,0.09042560037174016,component_data,avatarRT_sub_06
51,WMP,ses_04,2,0.11564987467882949,0.09213086210905089,manifold_projection,avatarRT_sub_06
52,WMP,ses_04,2,0.9692529176413451,0.770593747648083,voxel_data,avatarRT_sub_06
53,WMP,ses_04,2,0.11326550053641014,0.0913597559339471,component_data,avatarRT_sub_06
54,WMP,ses_04,3,0.1271483993109604,0.10818346740164775,manifold_projection,avatarRT_sub_06
55,WMP,ses_04,3,1.107961058308237,0.9243848624212602,voxel_data,avatarRT_sub_06
56,WMP,ses_04,3,0.12472376367710497,0.10802128328452087,component_data,avatarRT_sub_06
57,WMP,ses_04,4,0.1351038976260439,0.1087799031338802,manifold_projection,avatarRT_sub_06
58,WMP,ses_04,4,0.9453322352608456,0.7581970353212156,voxel_data,avatarRT_sub_06
59,WMP,ses_04,4,0.1332498376677823,0.10890786730141241,component_data,avatarRT_sub_06
60,OMP,ses_03,1,0.22463615516493832,0.1671004235008118,manifold_projection,avatarRT_sub_06
61,OMP,ses_03,1,1.175286079534256,0.9488016679522304,voxel_data,avatarRT_sub_06
62,OMP,ses_03,1,0.22262283073594674,0.16675080203266748,component_data,avatarRT_sub_06
63,OMP,ses_03,2,0.22197775162542713,0.1675259128502017,manifold_projection,avatarRT_sub_06
64,OMP,ses_03,2,1.0089608986439906,0.8036709585522832,voxel_data,avatarRT_sub_06
65,OMP,ses_03,2,0.21807218779972684,0.16779645145634922,component_data,avatarRT_sub_06
66,OMP,ses_03,3,0.19923936057041514,0.18176880040868235,manifold_projection,avatarRT_sub_06
67,OMP,ses_03,3,1.3964450252998208,1.228334348651539,voxel_data,avatarRT_sub_06
68,OMP,ses_03,3,0.19377603609334665,0.18159494317421093,component_data,avatarRT_sub_06
69,OMP,ses_03,4,0.12724317387286863,0.11505596570621499,manifold_projection,avatarRT_sub_06
70,OMP,ses_03,4,1.0108173221073953,0.8999046984791917,voxel_data,avatarRT_sub_06
71,OMP,ses_03,4,0.12770880582735378,0.11510367751807205,component_data,avatarRT_sub_06
72,IM,ses_02,1,0.12909538517334104,0.11679631056831379,manifold_projection,avatarRT_sub_07
73,IM,ses_02,1,1.4770947443943798,1.2375337338538386,voxel_data,avatarRT_sub_07
74,IM,ses_02,1,0.12901141067241603,0.11727837892753532,component_data,avatarRT_sub_07
75,IM,ses_02,2,0.11730516310376325,0.11320006083252174,manifold_projection,avatarRT_sub_07
76,IM,ses_02,2,1.1968911462338216,1.1753734383559165,voxel_data,avatarRT_sub_07
77,IM,ses_02,2,0.11787458645738234,0.11357172794832124,component_data,avatarRT_sub_07
78,IM,ses_02,3,0.12091338162974426,0.11427273786848384,manifold_projection,avatarRT_sub_07
79,IM,ses_02,3,1.1681449261474683,1.1018343174408027,voxel_data,avatarRT_sub_07
80,IM,ses_02,3,0.12034928498136818,0.11382826981369606,component_data,avatarRT_sub_07
81,IM,ses_02,4,0.1319572566480161,0.12456599817221599,manifold_projection,avatarRT_sub_07
82,IM,ses_02,4,1.118433919502977,1.0706581334789569,voxel_data,avatarRT_sub_07
83,IM,ses_02,4,0.13161916834120807,0.12430729373295832,component_data,avatarRT_sub_07
84,WMP,ses_03,1,0.1470639070727453,0.12520855774155643,manifold_projection,avatarRT_sub_07
85,WMP,ses_03,1,1.3452884058414427,1.1855482837551978,voxel_data,avatarRT_sub_07
86,WMP,ses_03,1,0.14787369547252316,0.1252463054616954,component_data,avatarRT_sub_07
87,WMP,ses_03,2,0.11553010015363491,0.10827510079234766,manifold_projection,avatarRT_sub_07
88,WMP,ses_03,2,1.2062514402403832,1.0904835730751896,voxel_data,avatarRT_sub_07
89,WMP,ses_03,2,0.11534441021138327,0.10828311715062752,component_data,avatarRT_sub_07
90,WMP,ses_03,3,0.12567234377875217,0.11812112477952164,manifold_projection,avatarRT_sub_07
91,WMP,ses_03,3,1.2030186969197751,1.1387384846853184,voxel_data,avatarRT_sub_07
92,WMP,ses_03,3,0.12499286870812086,0.11725882236225445,component_data,avatarRT_sub_07
93,WMP,ses_03,4,0.1466592735823483,0.12753554462438949,manifold_projection,avatarRT_sub_07
94,WMP,ses_03,4,1.2695283524707384,1.1454758143518349,voxel_data,avatarRT_sub_07
95,WMP,ses_03,4,0.14646357625512466,0.12795670975689138,component_data,avatarRT_sub_07
96,OMP,ses_04,1,0.12129428989146926,0.09242664630949496,manifold_projection,avatarRT_sub_07
97,OMP,ses_04,1,1.2175119570212702,0.9330527139017756,voxel_data,avatarRT_sub_07
98,OMP,ses_04,1,0.1203496143402238,0.09177358006283473,component_data,avatarRT_sub_07
99,OMP,ses_04,2,0.11772992752937868,0.11382990380705879,manifold_projection,avatarRT_sub_07
100,OMP,ses_04,2,1.1042833441346043,1.0385968565597141,voxel_data,avatarRT_sub_07
101,OMP,ses_04,2,0.11823441001828697,0.11416172279507733,component_data,avatarRT_sub_07
102,OMP,ses_04,3,0.11379817771564535,0.11006197606957813,manifold_projection,avatarRT_sub_07
103,OMP,ses_04,3,1.30839248207018,1.2248620165960025,voxel_data,avatarRT_sub_07
104,OMP,ses_04,3,0.11401939256755837,0.11012462716172115,component_data,avatarRT_sub_07
105,OMP,ses_04,4,0.11202580507873741,0.10254964390297609,manifold_projection,avatarRT_sub_07
106,OMP,ses_04,4,1.2305044657490323,1.0980843898208084,voxel_data,avatarRT_sub_07
107,OMP,ses_04,4,0.11261053327079916,0.10281100624465529,component_data,avatarRT_sub_07
108,IM,ses_02,1,0.1300330219773909,0.10879153909088565,manifold_projection,avatarRT_sub_08
109,IM,ses_02,1,1.094894921252777,0.9140840373685893,voxel_data,avatarRT_sub_08
110,IM,ses_02,1,0.13049810785403543,0.10890496702557886,component_data,avatarRT_sub_08
111,IM,ses_02,2,0.1444495072860456,0.1235658871496973,manifold_projection,avatarRT_sub_08
112,IM,ses_02,2,1.3888345972606724,1.241672299013102,voxel_data,avatarRT_sub_08
113,IM,ses_02,2,0.1449366430413779,0.12377411657036044,component_data,avatarRT_sub_08
114,IM,ses_02,3,0.07004902030154263,0.06421341998601669,manifold_projection,avatarRT_sub_08
115,IM,ses_02,3,0.7245253992742897,0.6451886159011284,voxel_data,avatarRT_sub_08
116,IM,ses_02,3,0.06796259110253676,0.062049328192233855,component_data,avatarRT_sub_08
117,IM,ses_02,4,0.10886302901262053,0.10369501356385855,manifold_projection,avatarRT_sub_08
118,IM,ses_02,4,1.149158217983907,1.0974450478143054,voxel_data,avatarRT_sub_08
119,IM,ses_02,4,0.10645112043194875,0.10105853010251561,component_data,avatarRT_sub_08
120,WMP,ses_04,1,0.10673408721949336,0.09473605221957919,manifold_projection,avatarRT_sub_08
121,WMP,ses_04,1,1.4256218328462777,1.3433692151726755,voxel_data,avatarRT_sub_08
122,WMP,ses_04,1,0.10688499899181877,0.09487640398530035,component_data,avatarRT_sub_08
123,WMP,ses_04,2,0.11657411784063387,0.11164600963696418,manifold_projection,avatarRT_sub_08
124,WMP,ses_04,2,0.895675456849398,0.8723174883465851,voxel_data,avatarRT_sub_08
125,WMP,ses_04,2,0.11679945265666956,0.11201671310045266,component_data,avatarRT_sub_08
126,WMP,ses_04,3,0.1124359349881106,0.09873175156497577,manifold_projection,avatarRT_sub_08
127,WMP,ses_04,3,1.22757550042038,1.1582992846863571,voxel_data,avatarRT_sub_08
128,WMP,ses_04,3,0.11291408033565493,0.09896177851090669,component_data,avatarRT_sub_08
129,WMP,ses_04,4,0.08816179004788953,0.0823432566069042,manifold_projection,avatarRT_sub_08
130,WMP,ses_04,4,0.9634963476857115,0.9331555891937269,voxel_data,avatarRT_sub_08
131,WMP,ses_04,4,0.08767613294979106,0.08203186484351567,component_data,avatarRT_sub_08
132,OMP,ses_03,1,0.12042076668890712,0.10499053488084001,manifold_projection,avatarRT_sub_08
133,OMP,ses_03,1,0.8701810198666022,0.8268936148835593,voxel_data,avatarRT_sub_08
134,OMP,ses_03,1,0.11862676272938831,0.10299781354152342,component_data,avatarRT_sub_08
135,OMP,ses_03,2,0.10189949247723988,0.0973420265976963,manifold_projection,avatarRT_sub_08
136,OMP,ses_03,2,1.2960494002952188,1.264629462142222,voxel_data,avatarRT_sub_08
137,OMP,ses_03,2,0.10199455120039654,0.09755669013127292,component_data,avatarRT_sub_08
138,OMP,ses_03,3,0.09269123914767843,0.08723865675832092,manifold_projection,avatarRT_sub_08
139,OMP,ses_03,3,0.9239714148186685,0.8844513179930001,voxel_data,avatarRT_sub_08
140,OMP,ses_03,3,0.09268017595966555,0.087337107126717,component_data,avatarRT_sub_08
141,OMP,ses_03,4,0.08490113243872478,0.08117146164713829,manifold_projection,avatarRT_sub_08
142,OMP,ses_03,4,0.9737818596109389,0.946056930598302,voxel_data,avatarRT_sub_08
143,OMP,ses_03,4,0.08486021584250782,0.08124139813699184,component_data,avatarRT_sub_08
144,IM,ses_02,1,0.1747575949434894,0.12660226013278925,manifold_projection,avatarRT_sub_09
145,IM,ses_02,1,1.0506062076586293,0.9407409398282323,voxel_data,avatarRT_sub_09
146,IM,ses_02,1,0.1767926431819016,0.12617852072220714,component_data,avatarRT_sub_09
147,IM,ses_02,2,0.17373004437620215,0.130005592934576,manifold_projection,avatarRT_sub_09
148,IM,ses_02,2,1.1166600504995787,0.9400801824941186,voxel_data,avatarRT_sub_09
149,IM,ses_02,2,0.17758318928791522,0.12956131600368606,component_data,avatarRT_sub_09
150,IM,ses_02,3,0.2597331564149874,0.19474271274548202,manifold_projection,avatarRT_sub_09
151,IM,ses_02,3,1.2844035037407369,1.063374064871232,voxel_data,avatarRT_sub_09
152,IM,ses_02,3,0.26392085462310877,0.19451511194117588,component_data,avatarRT_sub_09
153,IM,ses_02,4,0.2600908464907947,0.21151865603732206,manifold_projection,avatarRT_sub_09
154,IM,ses_02,4,1.260757677098203,1.188345577870939,voxel_data,avatarRT_sub_09
155,IM,ses_02,4,0.2627100940791808,0.21212387517420347,component_data,avatarRT_sub_09
156,WMP,ses_03,1,0.24890599874261862,0.17303962008168633,manifold_projection,avatarRT_sub_09
157,WMP,ses_03,1,1.1658300941481097,0.9150770756021158,voxel_data,avatarRT_sub_09
158,WMP,ses_03,1,0.25500567769964116,0.1730369064387412,component_data,avatarRT_sub_09
159,WMP,ses_03,2,0.20639691280778713,0.1764074416831586,manifold_projection,avatarRT_sub_09
160,WMP,ses_03,2,1.229261955187336,1.0581807757942345,voxel_data,avatarRT_sub_09
161,WMP,ses_03,2,0.2066199117259215,0.1757237160263833,component_data,avatarRT_sub_09
162,WMP,ses_03,3,0.22146866870337867,0.15604417193754955,manifold_projection,avatarRT_sub_09
163,WMP,ses_03,3,1.262456926463534,1.0617525373159502,voxel_data,avatarRT_sub_09
164,WMP,ses_03,3,0.2244938757218052,0.1561424267150192,component_data,avatarRT_sub_09
165,WMP,ses_03,4,0.193081324876431,0.12836499751373884,manifold_projection,avatarRT_sub_09
166,WMP,ses_03,4,1.16616773460726,0.9024627083156429,voxel_data,avatarRT_sub_09
167,WMP,ses_03,4,0.19661306500380465,0.12795377946021125,component_data,avatarRT_sub_09
168,OMP,ses_04,1,0.16134413188564442,0.12802808541672814,manifold_projection,avatarRT_sub_09
169,OMP,ses_04,1,0.9612986661306016,0.8335900101840047,voxel_data,avatarRT_sub_09
170,OMP,ses_04,1,0.16385630499742007,0.12781791430580852,component_data,avatarRT_sub_09
171,OMP,ses_04,2,0.16586372509621844,0.09554937980976805,manifold_projection,avatarRT_sub_09
172,OMP,ses_04,2,0.9692370676052421,0.7713452672462645,voxel_data,avatarRT_sub_09
173,OMP,ses_04,2,0.16706402237272275,0.09505430206222426,component_data,avatarRT_sub_09
174,OMP,ses_04,3,0.1697378886554518,0.10461497420899897,manifold_projection,avatarRT_sub_09
175,OMP,ses_04,3,0.9127495541751245,0.7598957426739665,voxel_data,avatarRT_sub_09
176,OMP,ses_04,3,0.17108045676405892,0.10411629006728632,component_data,avatarRT_sub_09
177,OMP,ses_04,4,0.14294003682041997,0.13679043731084917,manifold_projection,avatarRT_sub_09
178,OMP,ses_04,4,0.9603533350196598,0.9275100093050522,voxel_data,avatarRT_sub_09
179,OMP,ses_04,4,0.14308994644185147,0.13718528341732555,component_data,avatarRT_sub_09
180,IM,ses_02,1,0.11640307397512871,0.1064434863282119,manifold_projection,avatarRT_sub_10
181,IM,ses_02,1,0.9683720406699953,0.8653269553325323,voxel_data,avatarRT_sub_10
182,IM,ses_02,1,0.116785005069959,0.106609697626633,component_data,avatarRT_sub_10
183,IM,ses_02,2,0.1806893770197273,0.16294096719592907,manifold_projection,avatarRT_sub_10
184,IM,ses_02,2,1.1280492814055332,0.944183974086977,voxel_data,avatarRT_sub_10
185,IM,ses_02,2,0.18479463548136066,0.1633643921166593,component_data,avatarRT_sub_10
186,IM,ses_02,3,0.12217810611089076,0.10369840267814157,manifold_projection,avatarRT_sub_10
187,IM,ses_02,3,1.1023813740649848,0.8821243684823725,voxel_data,avatarRT_sub_10
188,IM,ses_02,3,0.12254881658466456,0.10382256406311903,component_data,avatarRT_sub_10
189,IM,ses_02,4,0.24134855907542718,0.22290496371688628,manifold_projection,avatarRT_sub_10
190,IM,ses_02,4,1.0875597800084937,1.039038685877641,voxel_data,avatarRT_sub_10
191,IM,ses_02,4,0.2433346029214876,0.2235293707171194,component_data,avatarRT_sub_10
192,WMP,ses_04,1,0.1548646962635209,0.1403507095330642,manifold_projection,avatarRT_sub_10
193,WMP,ses_04,1,1.018697775951968,0.9212171857372763,voxel_data,avatarRT_sub_10
194,WMP,ses_04,1,0.15573320520948716,0.14092473177589632,component_data,avatarRT_sub_10
195,WMP,ses_04,2,0.1621994103495187,0.1475508564928677,manifold_projection,avatarRT_sub_10
196,WMP,ses_04,2,1.138117548582704,1.0110294686533,voxel_data,avatarRT_sub_10
197,WMP,ses_04,2,0.16287666299424453,0.14798095837813366,component_data,avatarRT_sub_10
198,WMP,ses_04,3,0.16342894915445558,0.15210471832481712,manifold_projection,avatarRT_sub_10
199,WMP,ses_04,3,0.9367634550632521,0.8636747279884881,voxel_data,avatarRT_sub_10
200,WMP,ses_04,3,0.16449141774125775,0.15271877678797732,component_data,avatarRT_sub_10
201,WMP,ses_04,4,0.22304821422409965,0.203397609907759,manifold_projection,avatarRT_sub_10
202,WMP,ses_04,4,1.1441218326559595,0.9963968250315528,voxel_data,avatarRT_sub_10
203,WMP,ses_04,4,0.22524641453992197,0.20457782672666264,component_data,avatarRT_sub_10
204,OMP,ses_03,1,0.15146116483258948,0.1374615545599343,manifold_projection,avatarRT_sub_10
205,OMP,ses_03,1,1.0746207390836984,0.972085774600003,voxel_data,avatarRT_sub_10
206,OMP,ses_03,1,0.15180917079646308,0.1372040671617476,component_data,avatarRT_sub_10
207,OMP,ses_03,2,0.1379133033514173,0.10929770026396687,manifold_projection,avatarRT_sub_10
208,OMP,ses_03,2,1.1782421855997023,0.9068558597655136,voxel_data,avatarRT_sub_10
209,OMP,ses_03,2,0.14034811140591297,0.10951604998913855,component_data,avatarRT_sub_10
210,OMP,ses_03,3,0.1446044370028014,0.12484703517651682,manifold_projection,avatarRT_sub_10
211,OMP,ses_03,3,1.0020451542845423,0.8731835428853062,voxel_data,avatarRT_sub_10
212,OMP,ses_03,3,0.14484508244959185,0.12496198525768379,component_data,avatarRT_sub_10
213,OMP,ses_03,4,0.14773969713944657,0.13240990543454137,manifold_projection,avatarRT_sub_10
214,OMP,ses_03,4,0.9923825520489143,0.8929524824870511,voxel_data,avatarRT_sub_10
215,OMP,ses_03,4,0.1484279705398645,0.13223414166518005,component_data,avatarRT_sub_10
216,IM,ses_02,1,0.08466915404274021,0.07766987349912728,manifold_projection,avatarRT_sub_11
217,IM,ses_02,1,1.0632720440358783,0.9407121249073674,voxel_data,avatarRT_sub_11
218,IM,ses_02,1,0.08476739614194445,0.07707645416814803,component_data,avatarRT_sub_11
219,IM,ses_02,2,0.1217237953176547,0.1101368906982467,manifold_projection,avatarRT_sub_11
220,IM,ses_02,2,1.1741864466302847,1.0632286844325443,voxel_data,avatarRT_sub_11
221,IM,ses_02,2,0.12216617072705704,0.11039016167200162,component_data,avatarRT_sub_11
222,IM,ses_02,3,0.10516344730269657,0.07971244057135332,manifold_projection,avatarRT_sub_11
223,IM,ses_02,3,1.2499746409088897,0.9788061376158209,voxel_data,avatarRT_sub_11
224,IM,ses_02,3,0.10401652798601742,0.07979093844899598,component_data,avatarRT_sub_11
225,IM,ses_02,4,0.09277239023300735,0.07978945502275411,manifold_projection,avatarRT_sub_11
226,IM,ses_02,4,1.0443453214031861,0.9226238112399191,voxel_data,avatarRT_sub_11
227,IM,ses_02,4,0.09040214958374884,0.07837870547725914,component_data,avatarRT_sub_11
228,WMP,ses_03,1,0.15921865841141883,0.11726581596829785,manifold_projection,avatarRT_sub_11
229,WMP,ses_03,1,1.1601916026708359,0.8347497212163351,voxel_data,avatarRT_sub_11
230,WMP,ses_03,1,0.1542373172341214,0.11745722636123748,component_data,avatarRT_sub_11
231,WMP,ses_03,2,0.14719476911792986,0.1423378298399323,manifold_projection,avatarRT_sub_11
232,WMP,ses_03,2,1.0271039242837832,0.9802956672487905,voxel_data,avatarRT_sub_11
233,WMP,ses_03,2,0.1471009032621856,0.14245018935720757,component_data,avatarRT_sub_11
234,WMP,ses_03,3,0.11522569450301451,0.11013270356737459,manifold_projection,avatarRT_sub_11
235,WMP,ses_03,3,1.0677153353556248,0.9698071502751152,voxel_data,avatarRT_sub_11
236,WMP,ses_03,3,0.11475353181529202,0.11060927605316981,component_data,avatarRT_sub_11
237,WMP,ses_03,4,0.12889449741211229,0.11859227999883386,manifold_projection,avatarRT_sub_11
238,WMP,ses_03,4,1.0931116615290368,0.9669114170314532,voxel_data,avatarRT_sub_11
239,WMP,ses_03,4,0.12157765835364091,0.11240991481315746,component_data,avatarRT_sub_11
240,OMP,ses_04,1,0.126309236050923,0.11207103397783462,manifold_projection,avatarRT_sub_11
241,OMP,ses_04,1,1.03047029683186,0.867642639087726,voxel_data,avatarRT_sub_11
242,OMP,ses_04,1,0.1267141034912636,0.11228047472853071,component_data,avatarRT_sub_11
243,OMP,ses_04,2,0.10421119416796723,0.09055573501838445,manifold_projection,avatarRT_sub_11
244,OMP,ses_04,2,1.1539547536914518,0.9571293284645362,voxel_data,avatarRT_sub_11
245,OMP,ses_04,2,0.10410438568654767,0.09078548210596674,component_data,avatarRT_sub_11
246,OMP,ses_04,3,0.15046298719550344,0.14334259774498737,manifold_projection,avatarRT_sub_11
247,OMP,ses_04,3,1.0458211153088215,0.9831770416840425,voxel_data,avatarRT_sub_11
248,OMP,ses_04,3,0.1503030445841778,0.14399769294482595,component_data,avatarRT_sub_11
249,OMP,ses_04,4,0.11883390564324765,0.11174804331495877,manifold_projection,avatarRT_sub_11
250,OMP,ses_04,4,1.1453152617027451,1.0607132393835914,voxel_data,avatarRT_sub_11
251,OMP,ses_04,4,0.11874015371143729,0.11206401405080021,component_data,avatarRT_sub_11
252,IM,ses_02,1,0.3549632888691476,0.318020111084902,manifold_projection,avatarRT_sub_13
253,IM,ses_02,1,1.4744537247517404,1.3104270485522596,voxel_data,avatarRT_sub_13
254,IM,ses_02,1,0.3570501287222255,0.31956256140993383,component_data,avatarRT_sub_13
255,IM,ses_02,2,0.2399962372418603,0.21344309194474942,manifold_projection,avatarRT_sub_13
256,IM,ses_02,2,1.044335805501244,0.9117964606692966,voxel_data,avatarRT_sub_13
257,IM,ses_02,2,0.23887137806035338,0.2122719273301319,component_data,avatarRT_sub_13
258,IM,ses_02,3,0.1507119083983022,0.14584900628226488,manifold_projection,avatarRT_sub_13
259,IM,ses_02,3,1.0747326782015052,1.04096812301744,voxel_data,avatarRT_sub_13
260,IM,ses_02,3,0.15035181691812682,0.14567544935803461,component_data,avatarRT_sub_13
261,IM,ses_02,4,0.11978807351138052,0.11111553070618721,manifold_projection,avatarRT_sub_13
262,IM,ses_02,4,0.8275018182478304,0.7897575047295085,voxel_data,avatarRT_sub_13
263,IM,ses_02,4,0.11884864779716342,0.11075149058366171,component_data,avatarRT_sub_13
264,WMP,ses_03,1,0.5472503884153331,0.48670006835813673,manifold_projection,avatarRT_sub_13
265,WMP,ses_03,1,1.473963083082051,1.364981064583101,voxel_data,avatarRT_sub_13
266,WMP,ses_03,1,0.5491453800193045,0.4889667700815082,component_data,avatarRT_sub_13
267,WMP,ses_03,2,0.19522570982067525,0.16765002196544498,manifold_projection,avatarRT_sub_13
268,WMP,ses_03,2,0.9615172150768044,0.8858521043752252,voxel_data,avatarRT_sub_13
269,WMP,ses_03,2,0.19289116644745233,0.16692295415685177,component_data,avatarRT_sub_13
270,WMP,ses_03,3,0.3148265223817581,0.2994738605312938,manifold_projection,avatarRT_sub_13
271,WMP,ses_03,3,1.114797846099293,1.0348823470228237,voxel_data,avatarRT_sub_13
272,WMP,ses_03,3,0.31615067189825513,0.30066560107536755,component_data,avatarRT_sub_13
273,WMP,ses_03,4,0.26632097593230397,0.2549907137594054,manifold_projection,avatarRT_sub_13
274,WMP,ses_03,4,1.402914236372086,1.3632475180670607,voxel_data,avatarRT_sub_13
275,WMP,ses_03,4,0.26767503027839146,0.2562605161389909,component_data,avatarRT_sub_13
276,OMP,ses_04,1,0.22979955467153906,0.193288954216636,manifold_projection,avatarRT_sub_13
277,OMP,ses_04,1,1.109293795302941,0.9860236396231947,voxel_data,avatarRT_sub_13
278,OMP,ses_04,1,0.2312863344264502,0.193984029721203,component_data,avatarRT_sub_13
279,OMP,ses_04,2,0.22970468545891692,0.2140761391623633,manifold_projection,avatarRT_sub_13
280,OMP,ses_04,2,1.2187680813982846,1.1343050553941953,voxel_data,avatarRT_sub_13
281,OMP,ses_04,2,0.22989553692044534,0.21427965560609624,component_data,avatarRT_sub_13
282,OMP,ses_04,3,0.17794412008522206,0.16337681237328947,manifold_projection,avatarRT_sub_13
283,OMP,ses_04,3,1.1480108303529826,1.06845159705854,voxel_data,avatarRT_sub_13
284,OMP,ses_04,3,0.17567540956253885,0.16183656889735085,component_data,avatarRT_sub_13
285,OMP,ses_04,4,0.15182656771219313,0.14645594576430604,manifold_projection,avatarRT_sub_13
286,OMP,ses_04,4,0.9224169635232083,0.8973865047173861,voxel_data,avatarRT_sub_13
287,OMP,ses_04,4,0.15259197769745145,0.14731888417071395,component_data,avatarRT_sub_13
288,IM,ses_02,1,0.1336512350181131,0.11593464416252744,manifold_projection,avatarRT_sub_14
289,IM,ses_02,1,1.1757160367720352,0.9531826282406805,voxel_data,avatarRT_sub_14
290,IM,ses_02,1,0.13333851041126857,0.11560971216248075,component_data,avatarRT_sub_14
291,IM,ses_02,2,0.13374185467912342,0.1262950432186123,manifold_projection,avatarRT_sub_14
292,IM,ses_02,2,1.2823616644474596,1.180784340467227,voxel_data,avatarRT_sub_14
293,IM,ses_02,2,0.13293498426696973,0.12587769944645716,component_data,avatarRT_sub_14
294,IM,ses_02,3,0.1509238057437705,0.14512493340297428,manifold_projection,avatarRT_sub_14
295,IM,ses_02,3,1.2153281140196162,1.189871957407734,voxel_data,avatarRT_sub_14
296,IM,ses_02,3,0.15136697721126502,0.1453650763450836,component_data,avatarRT_sub_14
297,IM,ses_02,4,0.11555242473939761,0.10501541421116563,manifold_projection,avatarRT_sub_14
298,IM,ses_02,4,1.0133885275331802,0.9609900799023227,voxel_data,avatarRT_sub_14
299,IM,ses_02,4,0.11572104043356145,0.10520764950127989,component_data,avatarRT_sub_14
300,WMP,ses_04,1,0.13723210850290943,0.11723801036587325,manifold_projection,avatarRT_sub_14
301,WMP,ses_04,1,1.1378118405424433,0.9450351149334725,voxel_data,avatarRT_sub_14
302,WMP,ses_04,1,0.13818342856514815,0.11697989390121474,component_data,avatarRT_sub_14
303,WMP,ses_04,2,0.14444889037768924,0.1299526633617651,manifold_projection,avatarRT_sub_14
304,WMP,ses_04,2,1.2215849691985907,1.1148186103681863,voxel_data,avatarRT_sub_14
305,WMP,ses_04,2,0.14475994650753404,0.1299848682555429,component_data,avatarRT_sub_14
306,WMP,ses_04,3,0.09923350847984755,0.0923879335291263,manifold_projection,avatarRT_sub_14
307,WMP,ses_04,3,1.0565736162539274,1.0262593399960687,voxel_data,avatarRT_sub_14
308,WMP,ses_04,3,0.09861247531071553,0.09132377792537663,component_data,avatarRT_sub_14
309,WMP,ses_04,4,0.12219370389528032,0.11778475986423273,manifold_projection,avatarRT_sub_14
310,WMP,ses_04,4,1.3536954565014319,1.3243215918089852,voxel_data,avatarRT_sub_14
311,WMP,ses_04,4,0.12256567568767152,0.11806730332592134,component_data,avatarRT_sub_14
312,OMP,ses_03,1,0.1272166703271628,0.10937946456005183,manifold_projection,avatarRT_sub_14
313,OMP,ses_03,1,1.0728244969314749,0.8585871180883875,voxel_data,avatarRT_sub_14
314,OMP,ses_03,1,0.12870785684221556,0.10920913552226556,component_data,avatarRT_sub_14
315,OMP,ses_03,2,0.1540645701759986,0.13630173132167597,manifold_projection,avatarRT_sub_14
316,OMP,ses_03,2,1.179299789936362,1.0417736659415913,voxel_data,avatarRT_sub_14
317,OMP,ses_03,2,0.15421199727438614,0.13653985399922372,component_data,avatarRT_sub_14
318,OMP,ses_03,3,0.10416910781704929,0.0993716221911177,manifold_projection,avatarRT_sub_14
319,OMP,ses_03,3,1.1263627041554274,1.090476884194718,voxel_data,avatarRT_sub_14
320,OMP,ses_03,3,0.10409149075573529,0.09926020080919433,component_data,avatarRT_sub_14
321,OMP,ses_03,4,0.1129703102570569,0.10758511959164085,manifold_projection,avatarRT_sub_14
322,OMP,ses_03,4,1.2639638676775105,1.2217555263428783,voxel_data,avatarRT_sub_14
323,OMP,ses_03,4,0.11356363355441557,0.10798795855318488,component_data,avatarRT_sub_14
324,IM,ses_02,1,0.16463089711715076,0.1326015101113848,manifold_projection,avatarRT_sub_15
325,IM,ses_02,1,1.3849951778737009,0.9700686244150232,voxel_data,avatarRT_sub_15
326,IM,ses_02,1,0.1647527597334797,0.13228532040741894,component_data,avatarRT_sub_15
327,IM,ses_02,2,0.32746559336164377,0.24318914149041984,manifold_projection,avatarRT_sub_15
328,IM,ses_02,2,1.2659114349100737,0.9432741168230133,voxel_data,avatarRT_sub_15
329,IM,ses_02,2,0.3288967003135025,0.24214359133638141,component_data,avatarRT_sub_15
330,IM,ses_02,3,0.17695779787750543,0.1717182212133643,manifold_projection,avatarRT_sub_15
331,IM,ses_02,3,1.0413262996291925,1.0253749222694755,voxel_data,avatarRT_sub_15
332,IM,ses_02,3,0.1774862093364101,0.17211602559919228,component_data,avatarRT_sub_15
333,IM,ses_02,4,0.12826289188849876,0.11466417509158436,manifold_projection,avatarRT_sub_15
334,IM,ses_02,4,1.0459656187080049,0.9394599632250452,voxel_data,avatarRT_sub_15
335,IM,ses_02,4,0.12728199281039537,0.11462161865527773,component_data,avatarRT_sub_15
336,WMP,ses_03,1,0.18331386000791508,0.14251610785979174,manifold_projection,avatarRT_sub_15
337,WMP,ses_03,1,1.3744114007161297,1.011149530238338,voxel_data,avatarRT_sub_15
338,WMP,ses_03,1,0.18404748496433804,0.14243171906205793,component_data,avatarRT_sub_15
339,WMP,ses_03,2,0.12020638397499586,0.1062881398199986,manifold_projection,avatarRT_sub_15
340,WMP,ses_03,2,0.9722934224797565,0.8759687843025128,voxel_data,avatarRT_sub_15
341,WMP,ses_03,2,0.12010728510634466,0.10595122216568212,component_data,avatarRT_sub_15
342,WMP,ses_03,3,0.15185731734009625,0.13919001910188628,manifold_projection,avatarRT_sub_15
343,WMP,ses_03,3,0.9909777665389151,0.9329839403368247,voxel_data,avatarRT_sub_15
344,WMP,ses_03,3,0.15223891428193645,0.1393573924004071,component_data,avatarRT_sub_15
345,WMP,ses_03,4,0.11987122285392761,0.1069766293931416,manifold_projection,avatarRT_sub_15
346,WMP,ses_03,4,1.0128946445599933,0.8708988947840567,voxel_data,avatarRT_sub_15
347,WMP,ses_03,4,0.12002547039996624,0.10694055449260971,component_data,avatarRT_sub_15
348,OMP,ses_04,1,0.15161939084534942,0.13254131803747649,manifold_projection,avatarRT_sub_15
349,OMP,ses_04,1,1.069689373884218,0.8913770401859438,voxel_data,avatarRT_sub_15
350,OMP,ses_04,1,0.15273864287027974,0.13292706990163544,component_data,avatarRT_sub_15
351,OMP,ses_04,2,0.12084562024181973,0.11164523663678347,manifold_projection,avatarRT_sub_15
352,OMP,ses_04,2,1.0282350212747537,0.9513393791946971,voxel_data,avatarRT_sub_15
353,OMP,ses_04,2,0.12041456584370705,0.11105361207558855,component_data,avatarRT_sub_15
354,OMP,ses_04,3,0.16144051786357333,0.1347837541376958,manifold_projection,avatarRT_sub_15
355,OMP,ses_04,3,1.0559760690449507,0.8955738029432666,voxel_data,avatarRT_sub_15
356,OMP,ses_04,3,0.16201450179598936,0.13469649807074363,component_data,avatarRT_sub_15
357,OMP,ses_04,4,0.17534231586837526,0.12158215283374023,manifold_projection,avatarRT_sub_15
358,OMP,ses_04,4,1.1438523092669302,0.845986302782557,voxel_data,avatarRT_sub_15
359,OMP,ses_04,4,0.17506073775288894,0.12106648154171232,component_data,avatarRT_sub_15
360,IM,ses_02,1,0.17805293020500385,0.16068663623442164,manifold_projection,avatarRT_sub_16
361,IM,ses_02,1,1.2228827243531164,1.1208208900130532,voxel_data,avatarRT_sub_16
362,IM,ses_02,1,0.1776588285701534,0.16010099613702142,component_data,avatarRT_sub_16
363,IM,ses_02,2,0.14907986247544178,0.14177114599600138,manifold_projection,avatarRT_sub_16
364,IM,ses_02,2,1.012985998404419,0.9663532259829937,voxel_data,avatarRT_sub_16
365,IM,ses_02,2,0.1494367313031877,0.14222708989809638,component_data,avatarRT_sub_16
366,IM,ses_02,3,0.15408335677722454,0.1159299023415562,manifold_projection,avatarRT_sub_16
367,IM,ses_02,3,1.1804884608241342,0.9424533626417104,voxel_data,avatarRT_sub_16
368,IM,ses_02,3,0.1547964711320113,0.11547064353677441,component_data,avatarRT_sub_16
369,IM,ses_02,4,0.14404552450985628,0.12746563892901194,manifold_projection,avatarRT_sub_16
370,IM,ses_02,4,1.0386287980420608,0.9220072538847365,voxel_data,avatarRT_sub_16
371,IM,ses_02,4,0.14501499025200523,0.12742480895893493,component_data,avatarRT_sub_16
372,WMP,ses_04,1,0.19174783753105057,0.16518684683723805,manifold_projection,avatarRT_sub_16
373,WMP,ses_04,1,1.0765249163566788,0.8923540439034331,voxel_data,avatarRT_sub_16
374,WMP,ses_04,1,0.19332036486868892,0.16551060477334312,component_data,avatarRT_sub_16
375,WMP,ses_04,2,0.18257139282054533,0.16385413704759763,manifold_projection,avatarRT_sub_16
376,WMP,ses_04,2,1.1454264435799635,1.0477187479074461,voxel_data,avatarRT_sub_16
377,WMP,ses_04,2,0.18336035829916394,0.16417386772784523,component_data,avatarRT_sub_16
378,WMP,ses_04,3,0.14397346477287495,0.13207600307374306,manifold_projection,avatarRT_sub_16
379,WMP,ses_04,3,0.9276193746535275,0.8563635309605345,voxel_data,avatarRT_sub_16
380,WMP,ses_04,3,0.14458910167426295,0.13251942712770726,component_data,avatarRT_sub_16
381,WMP,ses_04,4,0.16147535340764815,0.1461531560098354,manifold_projection,avatarRT_sub_16
382,WMP,ses_04,4,1.0531090865544412,0.9489963633940791,voxel_data,avatarRT_sub_16
383,WMP,ses_04,4,0.16194881232837186,0.14575238521973582,component_data,avatarRT_sub_16
384,OMP,ses_03,1,0.12946849320660192,0.10037657671347652,manifold_projection,avatarRT_sub_16
385,OMP,ses_03,1,1.095491970199723,0.8419103556002195,voxel_data,avatarRT_sub_16
386,OMP,ses_03,1,0.12987678653071122,0.09998912738490764,component_data,avatarRT_sub_16
387,OMP,ses_03,2,0.15291068450970594,0.1248045085138982,manifold_projection,avatarRT_sub_16
388,OMP,ses_03,2,1.0331329922510522,0.8636413722612193,voxel_data,avatarRT_sub_16
389,OMP,ses_03,2,0.1537892430760857,0.12534544541716325,component_data,avatarRT_sub_16
390,OMP,ses_03,3,0.16508153510638243,0.1296392610879737,manifold_projection,avatarRT_sub_16
391,OMP,ses_03,3,1.1040301141732698,0.9001157357655046,voxel_data,avatarRT_sub_16
392,OMP,ses_03,3,0.16510127212677334,0.12956486928272487,component_data,avatarRT_sub_16
393,OMP,ses_03,4,0.17240108511853422,0.15607328980505336,manifold_projection,avatarRT_sub_16
394,OMP,ses_03,4,1.0150745664765557,0.8962519051300865,voxel_data,avatarRT_sub_16
395,OMP,ses_03,4,0.17405003851673556,0.15666932648154624,component_data,avatarRT_sub_16
396,IM,ses_02,1,0.2543858256168367,0.22706653546467784,manifold_projection,avatarRT_sub_17
397,IM,ses_02,1,1.5521867655064705,1.2605959864358358,voxel_data,avatarRT_sub_17
398,IM,ses_02,1,0.25513487296667503,0.2282108646974678,component_data,avatarRT_sub_17
399,IM,ses_02,2,0.19136960149441726,0.17289378934380178,manifold_projection,avatarRT_sub_17
400,IM,ses_02,2,1.0810091753621467,0.9880002289855518,voxel_data,avatarRT_sub_17
401,IM,ses_02,2,0.19262614492959193,0.17338196868653089,component_data,avatarRT_sub_17
402,IM,ses_02,3,0.2650421178065552,0.2533363129100892,manifold_projection,avatarRT_sub_17
403,IM,ses_02,3,1.0891839559862886,1.0403768609584991,voxel_data,avatarRT_sub_17
404,IM,ses_02,3,0.266139585849876,0.2543966050651173,component_data,avatarRT_sub_17
405,IM,ses_02,4,0.174618590816817,0.163283539849251,manifold_projection,avatarRT_sub_17
406,IM,ses_02,4,0.854059697854167,0.8068467885638343,voxel_data,avatarRT_sub_17
407,IM,ses_02,4,0.1744360532258949,0.16291472868681295,component_data,avatarRT_sub_17
408,WMP,ses_03,1,0.23010233085905363,0.1794682309012762,manifold_projection,avatarRT_sub_17
409,WMP,ses_03,1,1.3591141979653352,1.127455906391563,voxel_data,avatarRT_sub_17
410,WMP,ses_03,1,0.23198178063018177,0.179713676645415,component_data,avatarRT_sub_17
411,WMP,ses_03,2,0.27403609805737156,0.24570585667140246,manifold_projection,avatarRT_sub_17
412,WMP,ses_03,2,1.1430168183004983,1.061034165821686,voxel_data,avatarRT_sub_17
413,WMP,ses_03,2,0.27332675460405664,0.24546350217414975,component_data,avatarRT_sub_17
414,WMP,ses_03,3,0.1834279145639252,0.16088006983732347,manifold_projection,avatarRT_sub_17
415,WMP,ses_03,3,1.2113521991933567,1.1294623410981652,voxel_data,avatarRT_sub_17
416,WMP,ses_03,3,0.18365991954705355,0.16058067916603952,component_data,avatarRT_sub_17
417,WMP,ses_03,4,0.2051904458364092,0.1995364680073491,manifold_projection,avatarRT_sub_17
418,WMP,ses_03,4,1.055730124928182,1.0205680056080022,voxel_data,avatarRT_sub_17
419,WMP,ses_03,4,0.20572458420183232,0.20030086538113126,component_data,avatarRT_sub_17
420,OMP,ses_04,1,0.17855596796658652,0.1458322218728647,manifold_projection,avatarRT_sub_17
421,OMP,ses_04,1,1.212075901526081,1.0267629108381577,voxel_data,avatarRT_sub_17
422,OMP,ses_04,1,0.17937211032821254,0.14615362722867825,component_data,avatarRT_sub_17
423,OMP,ses_04,2,0.12605154094454912,0.12206316791794074,manifold_projection,avatarRT_sub_17
424,OMP,ses_04,2,1.1541012346201456,1.1166660730430065,voxel_data,avatarRT_sub_17
425,OMP,ses_04,2,0.12617137038579596,0.12227393180832309,component_data,avatarRT_sub_17
426,OMP,ses_04,3,0.3043106178836813,0.2866233914351779,manifold_projection,avatarRT_sub_17
427,OMP,ses_04,3,1.2199035738868238,1.1357296656307756,voxel_data,avatarRT_sub_17
428,OMP,ses_04,3,0.3052924045649113,0.28769358093616326,component_data,avatarRT_sub_17
429,OMP,ses_04,4,0.21095391872562344,0.19330749290185845,manifold_projection,avatarRT_sub_17
430,OMP,ses_04,4,1.186872208165459,1.05977169011496,voxel_data,avatarRT_sub_17
431,OMP,ses_04,4,0.21186103593171102,0.19397056028480686,component_data,avatarRT_sub_17
432,IM,ses_02,1,0.1434731352455937,0.1304251044336388,manifold_projection,avatarRT_sub_18
433,IM,ses_02,1,1.101613048498399,0.9747216499415802,voxel_data,avatarRT_sub_18
434,IM,ses_02,1,0.14421508139794434,0.13097741702417962,component_data,avatarRT_sub_18
435,IM,ses_02,2,0.22583059120560067,0.2106134942108171,manifold_projection,avatarRT_sub_18
436,IM,ses_02,2,1.0558833179986948,0.9821886002715444,voxel_data,avatarRT_sub_18
437,IM,ses_02,2,0.2263132852126968,0.21105960511106786,component_data,avatarRT_sub_18
438,IM,ses_02,3,0.14012646671176524,0.1333663398800952,manifold_projection,avatarRT_sub_18
439,IM,ses_02,3,0.9901798894401025,0.9155257593949829,voxel_data,avatarRT_sub_18
440,IM,ses_02,3,0.14057229010677494,0.13372023505293712,component_data,avatarRT_sub_18
441,IM,ses_02,4,0.13856761977744841,0.12756382988303896,manifold_projection,avatarRT_sub_18
442,IM,ses_02,4,1.0966211701255972,1.0291312365925955,voxel_data,avatarRT_sub_18
443,IM,ses_02,4,0.1391664383711193,0.12779608984908505,component_data,avatarRT_sub_18
444,WMP,ses_04,1,0.1301960629342879,0.11544760509636894,manifold_projection,avatarRT_sub_18
445,WMP,ses_04,1,0.9432414503342219,0.7978558367305226,voxel_data,avatarRT_sub_18
446,WMP,ses_04,1,0.13044956549924944,0.11556179431355051,component_data,avatarRT_sub_18
447,WMP,ses_04,2,0.16612431191449645,0.15165073216287203,manifold_projection,avatarRT_sub_18
448,WMP,ses_04,2,0.8791173721940329,0.8289923029459325,voxel_data,avatarRT_sub_18
449,WMP,ses_04,2,0.16665672603910228,0.1521139825222948,component_data,avatarRT_sub_18
450,WMP,ses_04,3,0.17181156028235617,0.14508999108233375,manifold_projection,avatarRT_sub_18
451,WMP,ses_04,3,0.9310597124578356,0.8180536691124752,voxel_data,avatarRT_sub_18
452,WMP,ses_04,3,0.16999801901268075,0.14321459541621226,component_data,avatarRT_sub_18
453,WMP,ses_04,4,0.21166304340750017,0.19307085113822442,manifold_projection,avatarRT_sub_18
454,WMP,ses_04,4,1.050487022922666,0.9294451404269456,voxel_data,avatarRT_sub_18
455,WMP,ses_04,4,0.21238051261026186,0.19373093843767725,component_data,avatarRT_sub_18
456,OMP,ses_03,1,0.24493434761061955,0.20349326449822303,manifold_projection,avatarRT_sub_18
457,OMP,ses_03,1,1.0120867817005765,0.8412544556892871,voxel_data,avatarRT_sub_18
458,OMP,ses_03,1,0.2460236127643573,0.20418507239899525,component_data,avatarRT_sub_18
459,OMP,ses_03,2,0.1516276373707337,0.14133110371099694,manifold_projection,avatarRT_sub_18
460,OMP,ses_03,2,1.134690314226255,1.0645851987650432,voxel_data,avatarRT_sub_18
461,OMP,ses_03,2,0.15193090287105526,0.14151563893339947,component_data,avatarRT_sub_18
462,OMP,ses_03,3,0.16517451261771973,0.11487394643330395,manifold_projection,avatarRT_sub_18
463,OMP,ses_03,3,1.0848519780948969,0.9571913853807373,voxel_data,avatarRT_sub_18
464,OMP,ses_03,3,0.16564663083860093,0.11528915888845566,component_data,avatarRT_sub_18
465,OMP,ses_03,4,0.14602003895979207,0.09624857799800493,manifold_projection,avatarRT_sub_18
466,OMP,ses_03,4,0.9089998832478975,0.810000784679984,voxel_data,avatarRT_sub_18
467,OMP,ses_03,4,0.14591571207808432,0.09622856032037423,component_data,avatarRT_sub_18
468,IM,ses_02,1,0.21353264828152502,0.19647062701924511,manifold_projection,avatarRT_sub_19
469,IM,ses_02,1,1.0669657273620199,1.0088477957401976,voxel_data,avatarRT_sub_19
470,IM,ses_02,1,0.2139269100859736,0.19699270336332192,component_data,avatarRT_sub_19
471,IM,ses_02,2,0.30914625595538814,0.2897357201212623,manifold_projection,avatarRT_sub_19
472,IM,ses_02,2,1.2126002797402968,1.0783514096440734,voxel_data,avatarRT_sub_19
473,IM,ses_02,2,0.3089815476210508,0.2906902677712738,component_data,avatarRT_sub_19
474,IM,ses_02,3,0.16851745001369944,0.16234923565818807,manifold_projection,avatarRT_sub_19
475,IM,ses_02,3,1.1316509676162518,1.0995805575970161,voxel_data,avatarRT_sub_19
476,IM,ses_02,3,0.16887770784092604,0.1627165998071025,component_data,avatarRT_sub_19
477,IM,ses_02,4,0.1849246054198817,0.17831673355595754,manifold_projection,avatarRT_sub_19
478,IM,ses_02,4,1.1628649670805504,1.0997213427192176,voxel_data,avatarRT_sub_19
479,IM,ses_02,4,0.18508247451043652,0.1784878384428027,component_data,avatarRT_sub_19
480,WMP,ses_03,1,0.44511844421171537,0.3765082714757966,manifold_projection,avatarRT_sub_19
481,WMP,ses_03,1,1.2281055938244605,1.00965537549143,voxel_data,avatarRT_sub_19
482,WMP,ses_03,1,0.44740643423317533,0.3777906883868941,component_data,avatarRT_sub_19
483,WMP,ses_03,2,0.20582618959332194,0.18055176215573804,manifold_projection,avatarRT_sub_19
484,WMP,ses_03,2,1.381396507115049,1.1545148609827747,voxel_data,avatarRT_sub_19
485,WMP,ses_03,2,0.20621260262944974,0.1810328479654046,component_data,avatarRT_sub_19
486,WMP,ses_03,3,0.17578890768959832,0.15810035129649946,manifold_projection,avatarRT_sub_19
487,WMP,ses_03,3,1.2439554158440052,1.0827347980014363,voxel_data,avatarRT_sub_19
488,WMP,ses_03,3,0.17616188916389,0.15846643160200596,component_data,avatarRT_sub_19
489,WMP,ses_03,4,0.33092793587298464,0.2642453467974283,manifold_projection,avatarRT_sub_19
490,WMP,ses_03,4,1.4442733793832994,1.1331205385171188,voxel_data,avatarRT_sub_19
491,WMP,ses_03,4,0.3311406541204822,0.2650797956410956,component_data,avatarRT_sub_19
492,OMP,ses_04,1,0.4136147681254005,0.34553384620896593,manifold_projection,avatarRT_sub_19
493,OMP,ses_04,1,1.3698120434377343,1.0283265242787503,voxel_data,avatarRT_sub_19
494,OMP,ses_04,1,0.41485059137035907,0.34597196222565874,component_data,avatarRT_sub_19
495,OMP,ses_04,2,0.2898901892656137,0.2583732332665253,manifold_projection,avatarRT_sub_19
496,OMP,ses_04,2,1.1486281341311417,0.9994868555960204,voxel_data,avatarRT_sub_19
497,OMP,ses_04,2,0.29251554645436706,0.2594325508983341,component_data,avatarRT_sub_19
498,OMP,ses_04,3,0.1873596721810689,0.16151536197251865,manifold_projection,avatarRT_sub_19
499,OMP,ses_04,3,1.3213090176720754,1.0496274318016876,voxel_data,avatarRT_sub_19
500,OMP,ses_04,3,0.18768655032917486,0.16184504237424135,component_data,avatarRT_sub_19
501,OMP,ses_04,4,0.2112451218940174,0.1928889181753222,manifold_projection,avatarRT_sub_19
502,OMP,ses_04,4,1.1719230375470064,1.0559833946117396,voxel_data,avatarRT_sub_19
503,OMP,ses_04,4,0.21219543452817344,0.19373529455954458,component_data,avatarRT_sub_19
504,IM,ses_02,1,0.1543984963219908,0.13010711271636832,manifold_projection,avatarRT_sub_20
505,IM,ses_02,1,1.0698521226752402,0.8289511294011286,voxel_data,avatarRT_sub_20
506,IM,ses_02,1,0.15367186827818008,0.12999690042367348,component_data,avatarRT_sub_20
507,IM,ses_02,2,0.16049023859089628,0.1528010665380374,manifold_projection,avatarRT_sub_20
508,IM,ses_02,2,1.1082513399644802,1.0549495944446643,voxel_data,avatarRT_sub_20
509,IM,ses_02,2,0.16109946517681356,0.15351003235997204,component_data,avatarRT_sub_20
510,IM,ses_02,3,0.16555888684732967,0.1538833681346357,manifold_projection,avatarRT_sub_20
511,IM,ses_02,3,1.0722692638503815,0.9832024634648057,voxel_data,avatarRT_sub_20
512,IM,ses_02,3,0.1651038742557345,0.15418458651638184,component_data,avatarRT_sub_20
513,IM,ses_02,4,0.2270897776227216,0.21356414063024834,manifold_projection,avatarRT_sub_20
514,IM,ses_02,4,1.0827534810320654,1.009502412958097,voxel_data,avatarRT_sub_20
515,IM,ses_02,4,0.2278190259253358,0.2140865761095291,component_data,avatarRT_sub_20
516,WMP,ses_04,1,0.17963237725044462,0.13068459878287,manifold_projection,avatarRT_sub_20
517,WMP,ses_04,1,1.276059262869999,0.9644132272216717,voxel_data,avatarRT_sub_20
518,WMP,ses_04,1,0.1786985636978492,0.13012971891863342,component_data,avatarRT_sub_20
519,WMP,ses_04,2,0.11040239999766792,0.10029694905003901,manifold_projection,avatarRT_sub_20
520,WMP,ses_04,2,1.065681278700161,0.942009243164946,voxel_data,avatarRT_sub_20
521,WMP,ses_04,2,0.11022286123427333,0.1005002810158812,component_data,avatarRT_sub_20
522,WMP,ses_04,3,0.13514466910440706,0.1294529423021812,manifold_projection,avatarRT_sub_20
523,WMP,ses_04,3,1.0358831288124057,0.9747284823707283,voxel_data,avatarRT_sub_20
524,WMP,ses_04,3,0.13513914434589888,0.12928623882477439,component_data,avatarRT_sub_20
525,WMP,ses_04,4,0.11183528303292917,0.10656676503884688,manifold_projection,avatarRT_sub_20
526,WMP,ses_04,4,1.0273415062572138,0.9628214727931077,voxel_data,avatarRT_sub_20
527,WMP,ses_04,4,0.1120937458643401,0.10676208047929454,component_data,avatarRT_sub_20
528,OMP,ses_03,1,0.21864115977836443,0.1636315370470292,manifold_projection,avatarRT_sub_20
529,OMP,ses_03,1,1.0905351462280568,0.8278270180561574,voxel_data,avatarRT_sub_20
530,OMP,ses_03,1,0.215379151914432,0.16331104445851546,component_data,avatarRT_sub_20
531,OMP,ses_03,2,0.329397940418408,0.2971026563212634,manifold_projection,avatarRT_sub_20
532,OMP,ses_03,2,1.062887435917937,0.9375213924501359,voxel_data,avatarRT_sub_20
533,OMP,ses_03,2,0.3311983559048427,0.2985513576984762,component_data,avatarRT_sub_20
534,OMP,ses_03,3,0.15695832032385995,0.1522072719950915,manifold_projection,avatarRT_sub_20
535,OMP,ses_03,3,0.9930547427794673,0.9512482660952226,voxel_data,avatarRT_sub_20
536,OMP,ses_03,3,0.15687890482128253,0.15195850960163584,component_data,avatarRT_sub_20
537,OMP,ses_03,4,0.15385083389617438,0.14750545758748193,manifold_projection,avatarRT_sub_20
538,OMP,ses_03,4,0.9778924534590723,0.942905626249988,voxel_data,avatarRT_sub_20
539,OMP,ses_03,4,0.15415880745643476,0.14761167394781866,component_data,avatarRT_sub_20
540,IM,ses_02,1,0.17943691881086082,0.1429258670355229,manifold_projection,avatarRT_sub_21
541,IM,ses_02,1,1.5176556258633067,1.2396213411662336,voxel_data,avatarRT_sub_21
542,IM,ses_02,1,0.18019617631261858,0.14285669811096108,component_data,avatarRT_sub_21
543,IM,ses_02,2,0.13743139397289408,0.11961135759800287,manifold_projection,avatarRT_sub_21
544,IM,ses_02,2,1.22129988734417,1.0431131525479842,voxel_data,avatarRT_sub_21
545,IM,ses_02,2,0.14673967049711453,0.11987188195343332,component_data,avatarRT_sub_21
546,IM,ses_02,3,0.13061885691773611,0.10296046904369685,manifold_projection,avatarRT_sub_21
547,IM,ses_02,3,1.1897670781686298,1.0534417710061406,voxel_data,avatarRT_sub_21
548,IM,ses_02,3,0.13453148694482106,0.10219002617223405,component_data,avatarRT_sub_21
549,IM,ses_02,4,0.11713520707188811,0.10712135100239102,manifold_projection,avatarRT_sub_21
550,IM,ses_02,4,1.1069061349424492,1.0323595636571707,voxel_data,avatarRT_sub_21
551,IM,ses_02,4,0.11793846085080331,0.10748173140417198,component_data,avatarRT_sub_21
552,WMP,ses_03,1,0.18275127836458557,0.14864281665801565,manifold_projection,avatarRT_sub_21
553,WMP,ses_03,1,1.3069653101774565,1.1161380826882457,voxel_data,avatarRT_sub_21
554,WMP,ses_03,1,0.1831954310724257,0.14925987129732046,component_data,avatarRT_sub_21
555,WMP,ses_03,2,0.1660554946787032,0.14666220111728784,manifold_projection,avatarRT_sub_21
556,WMP,ses_03,2,1.3964183805526407,1.2090088315509901,voxel_data,avatarRT_sub_21
557,WMP,ses_03,2,0.17376148274679193,0.14651417042009063,component_data,avatarRT_sub_21
558,WMP,ses_03,3,0.10729426189457072,0.10453013218780297,manifold_projection,avatarRT_sub_21
559,WMP,ses_03,3,0.9804008509363266,0.9619995164148261,voxel_data,avatarRT_sub_21
560,WMP,ses_03,3,0.1070667097049666,0.10430780958987655,component_data,avatarRT_sub_21
561,WMP,ses_03,4,0.09944020605300194,0.09726573210588603,manifold_projection,avatarRT_sub_21
562,WMP,ses_03,4,0.9940549773272817,0.9682596531115564,voxel_data,avatarRT_sub_21
563,WMP,ses_03,4,0.09923335501042932,0.09682418105083948,component_data,avatarRT_sub_21
564,OMP,ses_04,1,0.13637812748657707,0.1162019133272246,manifold_projection,avatarRT_sub_21
565,OMP,ses_04,1,1.1261810609470784,1.0068513719744632,voxel_data,avatarRT_sub_21
566,OMP,ses_04,1,0.1353380972272781,0.11608012035126977,component_data,avatarRT_sub_21
567,OMP,ses_04,2,0.1314479369680059,0.10612119972632943,manifold_projection,avatarRT_sub_21
568,OMP,ses_04,2,1.0829471741072751,0.9480682999092981,voxel_data,avatarRT_sub_21
569,OMP,ses_04,2,0.1356838141295669,0.10628026910319681,component_data,avatarRT_sub_21
570,OMP,ses_04,3,0.15952787385522246,0.13295343241544982,manifold_projection,avatarRT_sub_21
571,OMP,ses_04,3,1.3771568555588491,1.2059867180098858,voxel_data,avatarRT_sub_21
572,OMP,ses_04,3,0.15865838714407213,0.13259272137565525,component_data,avatarRT_sub_21
573,OMP,ses_04,4,0.11488644223674924,0.11188869454214367,manifold_projection,avatarRT_sub_21
574,OMP,ses_04,4,1.0415626066959658,1.0154542238915256,voxel_data,avatarRT_sub_21
575,OMP,ses_04,4,0.11499193575865774,0.11203162099210143,component_data,avatarRT_sub_21
576,IM,ses_02,1,0.16706892669415144,0.1578540304561455,manifold_projection,avatarRT_sub_22
577,IM,ses_02,1,1.0343667634822868,0.9663039445381186,voxel_data,avatarRT_sub_22
578,IM,ses_02,1,0.16620424500111766,0.15725065790262896,component_data,avatarRT_sub_22
579,IM,ses_02,2,0.14602668502247093,0.13279963403278605,manifold_projection,avatarRT_sub_22
580,IM,ses_02,2,1.1175494892701046,0.9834350080687043,voxel_data,avatarRT_sub_22
581,IM,ses_02,2,0.1467074463088799,0.13330526182842992,component_data,avatarRT_sub_22
582,IM,ses_02,3,0.13159490844843458,0.12191157664605157,manifold_projection,avatarRT_sub_22
583,IM,ses_02,3,1.0278681478357503,0.9360545453879054,voxel_data,avatarRT_sub_22
584,IM,ses_02,3,0.13518890828600555,0.12162721583447005,component_data,avatarRT_sub_22
585,IM,ses_02,4,0.12124181319761416,0.11073282500729589,manifold_projection,avatarRT_sub_22
586,IM,ses_02,4,0.9720961480700623,0.8607336391481614,voxel_data,avatarRT_sub_22
587,IM,ses_02,4,0.12113523984771962,0.11065041840401972,component_data,avatarRT_sub_22
588,WMP,ses_04,1,0.1804242498264539,0.1286944964223481,manifold_projection,avatarRT_sub_22
589,WMP,ses_04,1,1.2407296788964601,0.9405308593924182,voxel_data,avatarRT_sub_22
590,WMP,ses_04,1,0.1864088240136292,0.1284367818887097,component_data,avatarRT_sub_22
591,WMP,ses_04,2,0.14046772253215614,0.12555147763464442,manifold_projection,avatarRT_sub_22
592,WMP,ses_04,2,1.0109376622462487,0.9428758584533612,voxel_data,avatarRT_sub_22
593,WMP,ses_04,2,0.1408527009051067,0.12536883972894167,component_data,avatarRT_sub_22
594,WMP,ses_04,3,0.13361021924452804,0.11585636033287956,manifold_projection,avatarRT_sub_22
595,WMP,ses_04,3,1.1032556349152323,0.9662474519629881,voxel_data,avatarRT_sub_22
596,WMP,ses_04,3,0.13641820571666188,0.116124780054972,component_data,avatarRT_sub_22
597,WMP,ses_04,4,0.12354106260641856,0.10206940849956983,manifold_projection,avatarRT_sub_22
598,WMP,ses_04,4,0.9805547443772508,0.829168574440947,voxel_data,avatarRT_sub_22
599,WMP,ses_04,4,0.12571956561432346,0.10186353410224255,component_data,avatarRT_sub_22
600,OMP,ses_03,1,0.13566332650298996,0.12249811431424451,manifold_projection,avatarRT_sub_22
601,OMP,ses_03,1,1.0988534252626034,0.9176553176926032,voxel_data,avatarRT_sub_22
602,OMP,ses_03,1,0.1360907373719361,0.12249951935504808,component_data,avatarRT_sub_22
603,OMP,ses_03,2,0.16949653281038118,0.16185284189497615,manifold_projection,avatarRT_sub_22
604,OMP,ses_03,2,1.1978854736577442,1.1319282808574684,voxel_data,avatarRT_sub_22
605,OMP,ses_03,2,0.17050415863589666,0.16228592823250299,component_data,avatarRT_sub_22
606,OMP,ses_03,3,0.1772720618045443,0.16046713772453372,manifold_projection,avatarRT_sub_22
607,OMP,ses_03,3,1.1972673661331033,1.04036057372085,voxel_data,avatarRT_sub_22
608,OMP,ses_03,3,0.17757865879882148,0.1603876547372391,component_data,avatarRT_sub_22
609,OMP,ses_03,4,0.1340236286329409,0.1116652967808969,manifold_projection,avatarRT_sub_22
610,OMP,ses_03,4,1.044929800719402,0.8443679938952574,voxel_data,avatarRT_sub_22
611,OMP,ses_03,4,0.13456831642600017,0.1119125725021783,component_data,avatarRT_sub_22
612,IM,ses_02,1,0.1256450660717297,0.10248334473864298,manifold_projection,avatarRT_sub_23
613,IM,ses_02,1,1.1075781465187609,0.9228964283730412,voxel_data,avatarRT_sub_23
614,IM,ses_02,1,0.1253379897851328,0.10188387668165329,component_data,avatarRT_sub_23
615,IM,ses_02,2,0.15641237186628837,0.14315202707197677,manifold_projection,avatarRT_sub_23
616,IM,ses_02,2,1.1190987997750608,1.0103688544200269,voxel_data,avatarRT_sub_23
617,IM,ses_02,2,0.15528795961110903,0.14200946953055812,component_data,avatarRT_sub_23
618,IM,ses_02,3,0.1177485409971351,0.10509480109996863,manifold_projection,avatarRT_sub_23
619,IM,ses_02,3,1.1042786156696776,0.9980400442147596,voxel_data,avatarRT_sub_23
620,IM,ses_02,3,0.11825900540557333,0.10497011896936885,component_data,avatarRT_sub_23
621,IM,ses_02,4,0.18204978487414267,0.1708370514129457,manifold_projection,avatarRT_sub_23
622,IM,ses_02,4,1.173333041340992,1.1108923162846411,voxel_data,avatarRT_sub_23
623,IM,ses_02,4,0.1821526891323795,0.1713001880013808,component_data,avatarRT_sub_23
624,WMP,ses_03,1,0.16219530020806558,0.15252746019097105,manifold_projection,avatarRT_sub_23
625,WMP,ses_03,1,1.1067383430549003,0.9956554590951564,voxel_data,avatarRT_sub_23
626,WMP,ses_03,1,0.1584065543891839,0.1482709695721357,component_data,avatarRT_sub_23
627,WMP,ses_03,2,0.12879567384925011,0.12396803803216223,manifold_projection,avatarRT_sub_23
628,WMP,ses_03,2,1.1677751760990789,1.1331077881284872,voxel_data,avatarRT_sub_23
629,WMP,ses_03,2,0.1285354237061552,0.12384853767650791,component_data,avatarRT_sub_23
630,WMP,ses_03,3,0.10107651756722763,0.09837370792479407,manifold_projection,avatarRT_sub_23
631,WMP,ses_03,3,0.912392011013156,0.8874532201159142,voxel_data,avatarRT_sub_23
632,WMP,ses_03,3,0.10071949992416926,0.09796285283655747,component_data,avatarRT_sub_23
633,WMP,ses_03,4,0.14614029257361516,0.14198925646348898,manifold_projection,avatarRT_sub_23
634,WMP,ses_03,4,1.0668160126383786,1.0397066381850144,voxel_data,avatarRT_sub_23
635,WMP,ses_03,4,0.14634082676455182,0.14208518200262768,component_data,avatarRT_sub_23
636,OMP,ses_04,1,0.13388384629698402,0.12456419962941756,manifold_projection,avatarRT_sub_23
637,OMP,ses_04,1,1.2613322898674195,1.1785583580075563,voxel_data,avatarRT_sub_23
638,OMP,ses_04,1,0.133902457155569,0.1246673146128268,component_data,avatarRT_sub_23
639,OMP,ses_04,2,0.16040865028023804,0.15161337839234018,manifold_projection,avatarRT_sub_23
640,OMP,ses_04,2,1.1419176678240883,1.0881793037266583,voxel_data,avatarRT_sub_23
641,OMP,ses_04,2,0.16048957619067655,0.1517510464075768,component_data,avatarRT_sub_23
642,OMP,ses_04,3,0.16085833017141207,0.1429333507386328,manifold_projection,avatarRT_sub_23
643,OMP,ses_04,3,1.0201326913156117,0.9624140148180836,voxel_data,avatarRT_sub_23
644,OMP,ses_04,3,0.1613415806283354,0.1433610979025109,component_data,avatarRT_sub_23
645,OMP,ses_04,4,0.15624765080695394,0.13552848816020308,manifold_projection,avatarRT_sub_23
646,OMP,ses_04,4,1.147420122482726,1.038624062654727,voxel_data,avatarRT_sub_23
647,OMP,ses_04,4,0.15540710627806678,0.13464290034126009,component_data,avatarRT_sub_23
648,IM,ses_02,1,0.1698889011846108,0.12498639833385505,manifold_projection,avatarRT_sub_24
649,IM,ses_02,1,1.1029983562273789,0.8797891160718897,voxel_data,avatarRT_sub_24
650,IM,ses_02,1,0.16886348045711402,0.12495276305946967,component_data,avatarRT_sub_24
651,IM,ses_02,2,0.17680987528863454,0.16909113684708735,manifold_projection,avatarRT_sub_24
652,IM,ses_02,2,1.0538804368481567,1.0180602268604797,voxel_data,avatarRT_sub_24
653,IM,ses_02,2,0.17747073389073162,0.16973461364779827,component_data,avatarRT_sub_24
654,IM,ses_02,3,0.14398596589054968,0.13540489809019016,manifold_projection,avatarRT_sub_24
655,IM,ses_02,3,1.0843613937677292,1.0230514755856495,voxel_data,avatarRT_sub_24
656,IM,ses_02,3,0.14448540733576806,0.13586647322559003,component_data,avatarRT_sub_24
657,IM,ses_02,4,0.1405142185220302,0.13292143973665435,manifold_projection,avatarRT_sub_24
658,IM,ses_02,4,1.0510763583122567,0.9902850009253663,voxel_data,avatarRT_sub_24
659,IM,ses_02,4,0.13981654924285794,0.1315607505713309,component_data,avatarRT_sub_24
660,WMP,ses_03,1,0.14188258829071126,0.13252386835993835,manifold_projection,avatarRT_sub_24
661,WMP,ses_03,1,1.087584906119594,1.0007765359438552,voxel_data,avatarRT_sub_24
662,WMP,ses_03,1,0.140432711606842,0.12972785124080943,component_data,avatarRT_sub_24
663,WMP,ses_03,2,0.15077890594786653,0.14185774042339028,manifold_projection,avatarRT_sub_24
664,WMP,ses_03,2,1.1593317880680807,1.1121050591298698,voxel_data,avatarRT_sub_24
665,WMP,ses_03,2,0.1516526031570049,0.14231316864910243,component_data,avatarRT_sub_24
666,WMP,ses_03,3,0.1744941786003019,0.16349079279983744,manifold_projection,avatarRT_sub_24
667,WMP,ses_03,3,1.2606748437965336,1.1341277375359997,voxel_data,avatarRT_sub_24
668,WMP,ses_03,3,0.1753955210223085,0.16384854895178136,component_data,avatarRT_sub_24
669,WMP,ses_03,4,0.11252450469426171,0.10703973729337499,manifold_projection,avatarRT_sub_24
670,WMP,ses_03,4,1.0057221031110875,0.9309280957675027,voxel_data,avatarRT_sub_24
671,WMP,ses_03,4,0.11257724503249462,0.10722387590271017,component_data,avatarRT_sub_24
672,OMP,ses_04,1,0.15285197208724938,0.13096782659001832,manifold_projection,avatarRT_sub_24
673,OMP,ses_04,1,1.2413622804754818,1.037543572225073,voxel_data,avatarRT_sub_24
674,OMP,ses_04,1,0.1535543830215401,0.13005401366097782,component_data,avatarRT_sub_24
675,OMP,ses_04,2,0.1441414665635733,0.1345291682453052,manifold_projection,avatarRT_sub_24
676,OMP,ses_04,2,1.1402444733484463,1.0751944603772707,voxel_data,avatarRT_sub_24
677,OMP,ses_04,2,0.14436527932779636,0.13468844104687594,component_data,avatarRT_sub_24
678,OMP,ses_04,3,0.20196838411750326,0.17951171600165267,manifold_projection,avatarRT_sub_24
679,OMP,ses_04,3,1.419522168227476,1.20084713016129,voxel_data,avatarRT_sub_24
680,OMP,ses_04,3,0.20458933068074625,0.18001830511437075,component_data,avatarRT_sub_24
681,OMP,ses_04,4,0.16837655942503124,0.15723139635180453,manifold_projection,avatarRT_sub_24
682,OMP,ses_04,4,1.1461568288745028,1.013586401301474,voxel_data,avatarRT_sub_24
683,OMP,ses_04,4,0.1703586241726562,0.15781042645056537,component_data,avatarRT_sub_24
684,IM,ses_02,1,0.1466628289232954,0.09387537544967334,manifold_projection,avatarRT_sub_25
685,IM,ses_02,1,1.1511588096816154,0.8319907143894654,voxel_data,avatarRT_sub_25
686,IM,ses_02,1,0.14360920497788007,0.09394131249997358,component_data,avatarRT_sub_25
687,IM,ses_02,2,0.10003559228149239,0.09502121800625796,manifold_projection,avatarRT_sub_25
688,IM,ses_02,2,0.9251343664295467,0.9094156839440345,voxel_data,avatarRT_sub_25
689,IM,ses_02,2,0.10010693492801209,0.0953331630508132,component_data,avatarRT_sub_25
690,IM,ses_02,3,0.13074635871383666,0.12250681574731717,manifold_projection,avatarRT_sub_25
691,IM,ses_02,3,1.031508811940136,0.9360100372294484,voxel_data,avatarRT_sub_25
692,IM,ses_02,3,0.13120516333598845,0.12282808660969138,component_data,avatarRT_sub_25
693,IM,ses_02,4,0.15217848337540515,0.12553171259094204,manifold_projection,avatarRT_sub_25
694,IM,ses_02,4,1.126893630714335,0.9708811442417135,voxel_data,avatarRT_sub_25
695,IM,ses_02,4,0.1479294128056654,0.12121719637903865,component_data,avatarRT_sub_25
696,WMP,ses_04,1,0.12750395052609334,0.11423092595796461,manifold_projection,avatarRT_sub_25
697,WMP,ses_04,1,1.3198228486266246,1.1833069221051702,voxel_data,avatarRT_sub_25
698,WMP,ses_04,1,0.12801032520318048,0.11457259827515083,component_data,avatarRT_sub_25
699,WMP,ses_04,2,0.14573776337012942,0.1330155061700367,manifold_projection,avatarRT_sub_25
700,WMP,ses_04,2,1.0715552523425065,1.030558929146875,voxel_data,avatarRT_sub_25
701,WMP,ses_04,2,0.14491266736958483,0.13299138026552115,component_data,avatarRT_sub_25
702,WMP,ses_04,3,0.10071616710098097,0.09949329347575961,manifold_projection,avatarRT_sub_25
703,WMP,ses_04,3,1.1800324690857165,1.1577095308647831,voxel_data,avatarRT_sub_25
704,WMP,ses_04,3,0.10092046789252113,0.09977967451561222,component_data,avatarRT_sub_25
705,WMP,ses_04,4,0.1072141991914561,0.09869359592267529,manifold_projection,avatarRT_sub_25
706,WMP,ses_04,4,1.0504125165266258,0.9791055405355701,voxel_data,avatarRT_sub_25
707,WMP,ses_04,4,0.1081440343637061,0.09887530828285919,component_data,avatarRT_sub_25
708,OMP,ses_03,1,0.14991480229148768,0.12871598096971232,manifold_projection,avatarRT_sub_25
709,OMP,ses_03,1,1.0812296917350779,0.9395230869406104,voxel_data,avatarRT_sub_25
710,OMP,ses_03,1,0.15059959402810194,0.12911925411952732,component_data,avatarRT_sub_25
711,OMP,ses_03,2,0.09675883010659124,0.08806569609936653,manifold_projection,avatarRT_sub_25
712,OMP,ses_03,2,1.1993387484669298,1.101502928962899,voxel_data,avatarRT_sub_25
713,OMP,ses_03,2,0.0968247141022606,0.08782559041267465,component_data,avatarRT_sub_25
714,OMP,ses_03,3,0.11490209408069398,0.10603461847369515,manifold_projection,avatarRT_sub_25
715,OMP,ses_03,3,1.1742197976736057,1.0812410360074396,voxel_data,avatarRT_sub_25
716,OMP,ses_03,3,0.11587897340441365,0.1060889491928354,component_data,avatarRT_sub_25
717,OMP,ses_03,4,0.08953870819373885,0.08263140140921546,manifold_projection,avatarRT_sub_25
718,OMP,ses_03,4,1.075333038671122,1.0203165270975845,voxel_data,avatarRT_sub_25
719,OMP,ses_03,4,0.08862340172107044,0.0818770073166776,component_data,avatarRT_sub_25
